-- phpMyAdmin SQL Dump
-- version 4.7.4
-- https://www.phpmyadmin.net/
--
-- Host: 127.0.0.1
-- Generation Time: Aug 27, 2018 at 05:17 PM
-- Server version: 10.1.30-MariaDB
-- PHP Version: 7.2.1

SET SQL_MODE = "NO_AUTO_VALUE_ON_ZERO";
SET AUTOCOMMIT = 0;
START TRANSACTION;
SET time_zone = "+00:00";


/*!40101 SET @OLD_CHARACTER_SET_CLIENT=@@CHARACTER_SET_CLIENT */;
/*!40101 SET @OLD_CHARACTER_SET_RESULTS=@@CHARACTER_SET_RESULTS */;
/*!40101 SET @OLD_COLLATION_CONNECTION=@@COLLATION_CONNECTION */;
/*!40101 SET NAMES utf8mb4 */;

--
-- Database: `pfit_db`
--
CREATE DATABASE IF NOT EXISTS `pfit_db` DEFAULT CHARACTER SET utf8 COLLATE utf8_general_ci;
USE `pfit_db`;

-- --------------------------------------------------------

--
-- Table structure for table `customer`
--

DROP TABLE IF EXISTS `customer`;
CREATE TABLE `customer` (
  `CustomerID` varchar(4) NOT NULL,
  `Name` varchar(50) NOT NULL,
  `Email` varchar(50) NOT NULL,
  `CountryCode` varchar(2) NOT NULL,
  `Budget` double NOT NULL,
  `Used` double NOT NULL,
  `id` int(11) NOT NULL
) ENGINE=MyISAM DEFAULT CHARSET=utf8;

--
-- Dumping data for table `customer`
--

INSERT INTO `customer` (`CustomerID`, `Name`, `Email`, `CountryCode`, `Budget`, `Used`, `id`) VALUES
('C001', 'Win Weerachai', 'win.weerachai@thaicreate.com', 'TH', 1000000, 600000, 1),
('C002', 'John  Smith', 'john.smith@thaicreate.com', 'EN', 2000000, 800000, 2),
('C003', 'Jame Born', 'jame.born@thaicreate.com', 'US', 3000000, 600000, 3),
('C004', 'Chalee Angel', 'chalee.angel@thaicreate.com', 'US', 4000000, 100000, 4),
('C001', 'Win Weerachai', 'win.weerachai@thaicreate.com', 'TH', 1000000, 600000, 5),
('C002', 'John  Smith', 'john.smith@thaicreate.com', 'EN', 2000000, 800000, 6),
('C003', 'Jame Born', 'jame.born@thaicreate.com', 'US', 3000000, 600000, 7),
('C004', 'Chalee Angel', 'chalee.angel@thaicreate.com', 'US', 4000000, 100000, 8),
('C001', 'Win Weerachai', 'win.weerachai@thaicreate.com', 'TH', 1000000, 600000, 9),
('C002', 'John  Smith', 'john.smith@thaicreate.com', 'EN', 2000000, 800000, 10),
('C003', 'Jame Born', 'jame.born@thaicreate.com', 'US', 3000000, 600000, 11),
('C004', 'Chalee Angel', 'chalee.angel@thaicreate.com', 'US', 4000000, 100000, 12);

-- --------------------------------------------------------

--
-- Table structure for table `pfit_t_category_criteria`
--

DROP TABLE IF EXISTS `pfit_t_category_criteria`;
CREATE TABLE `pfit_t_category_criteria` (
  `category_criteria_id` int(11) NOT NULL COMMENT 'เลขที่ transaction',
  `category_criteria_code` varchar(10) NOT NULL COMMENT 'รหัสแปลผลการทดสอบ',
  `category_criteria_name` varchar(150) NOT NULL COMMENT 'ชื่อแปลผลการทดสอบ',
  `detail` varchar(250) DEFAULT NULL COMMENT 'รายละเอียดแปลผลการทดสอบ',
  `status` varchar(1) NOT NULL COMMENT 'สถานการณ์ใช้งาน Y = ใช้งาน  N = ไม่ใช้งาน'
) ENGINE=InnoDB DEFAULT CHARSET=utf8 COMMENT='ข้อมูลแปลผลการทดสอบ';

--
-- Dumping data for table `pfit_t_category_criteria`
--

INSERT INTO `pfit_t_category_criteria` (`category_criteria_id`, `category_criteria_code`, `category_criteria_name`, `detail`, `status`) VALUES
(1, 'CAT01', 'ผอม - อ้วน', '', 'Y'),
(2, 'CAT02', 'ต่ำมาก - ดีมาก', '', 'Y'),
(4, 'CAT04', 'มวลกายต่ำมาก-มวลกายสูงมาก', '', 'Y'),
(5, 'CAT05', 'ดีมาก - ต่ำมาก', '', 'Y');

-- --------------------------------------------------------

--
-- Table structure for table `pfit_t_cat_criteria_detail`
--

DROP TABLE IF EXISTS `pfit_t_cat_criteria_detail`;
CREATE TABLE `pfit_t_cat_criteria_detail` (
  `category_criteria_detail_id` int(11) NOT NULL COMMENT 'เลขที่ transaction',
  `category_criteria_detail_code` varchar(10) NOT NULL COMMENT 'รหัสรายการผลการทดสอบ',
  `category_criteria_code` varchar(10) NOT NULL COMMENT 'รหัสแปลผลการทดสอบ',
  `category_criteria_detail_name` varchar(150) NOT NULL COMMENT 'รายการผลการทดสอบ',
  `category_criteria_detail_value` int(11) NOT NULL COMMENT 'คะแนนการทดสอบ',
  `status` varchar(1) NOT NULL COMMENT 'สถานการณ์ใช้งาน Y = ใช้งาน  N = ไม่ใช้งาน'
) ENGINE=InnoDB DEFAULT CHARSET=utf8 COMMENT='ข้อมูลรายการผลการทดสอบ';

--
-- Dumping data for table `pfit_t_cat_criteria_detail`
--

INSERT INTO `pfit_t_cat_criteria_detail` (`category_criteria_detail_id`, `category_criteria_detail_code`, `category_criteria_code`, `category_criteria_detail_name`, `category_criteria_detail_value`, `status`) VALUES
(1, 'CAT041', 'CAT04', 'มวลกายต่ำมาก', 1, 'Y'),
(2, 'CAT042', 'CAT04', 'มวลกายต่ำ', 2, 'Y'),
(3, 'CAT043', 'CAT04', 'ปานกลาง', 3, 'Y'),
(4, 'CAT044', 'CAT04', 'สูง', 4, 'Y'),
(5, 'CAT012', 'CAT01', 'ผอม', 3, 'Y'),
(6, 'CAT013', 'CAT01', 'ค่อนข้างผอม', 2, 'Y'),
(7, 'CAT014', 'CAT01', 'สมส่วน', 1, 'Y'),
(8, 'CAT015', 'CAT01', 'ค่อนข้างอ้วน', 0, 'Y'),
(9, 'CAT016', 'CAT01', 'อ้วน', 0, 'Y'),
(10, 'CAT021', 'CAT02', 'ต่ำมาก/Very Poor', 1, 'Y'),
(11, 'CAT022', 'CAT02', 'ต่ำ/Poor', 2, 'Y'),
(12, 'CAT023', 'CAT02', 'ปานกลาง/Moderate', 3, 'Y'),
(13, 'CAT024', 'CAT02', 'ดี/Good', 4, 'Y'),
(14, 'CAT025', 'CAT02', 'ดีมาก/Excellent', 5, 'Y');

-- --------------------------------------------------------

--
-- Table structure for table `pfit_t_history_upload`
--

DROP TABLE IF EXISTS `pfit_t_history_upload`;
CREATE TABLE `pfit_t_history_upload` (
  `history_upload_id` int(11) NOT NULL,
  `file_name` varchar(200) NOT NULL,
  `date_upload` timestamp NOT NULL DEFAULT CURRENT_TIMESTAMP ON UPDATE CURRENT_TIMESTAMP,
  `status_upload` varchar(1) NOT NULL,
  `total_record` int(11) NOT NULL,
  `success_record` int(11) NOT NULL,
  `fail_record` int(11) NOT NULL,
  `path_file` varchar(200) DEFAULT NULL,
  `type_file` varchar(50) NOT NULL,
  `project_code` varchar(50) NOT NULL
) ENGINE=InnoDB DEFAULT CHARSET=utf8 COMMENT='ข้อมูลประวัติการนำเข้าข้อมูล';

--
-- Dumping data for table `pfit_t_history_upload`
--

INSERT INTO `pfit_t_history_upload` (`history_upload_id`, `file_name`, `date_upload`, `status_upload`, `total_record`, `success_record`, `fail_record`, `path_file`, `type_file`, `project_code`) VALUES
(1, 'person_template.xlsx', '2018-08-06 07:23:06', 'S', 27, 27, 0, '', 'pfit_t_person', '61070001'),
(3, 'person_template.xlsx', '2018-08-06 07:31:10', 'S', 27, 27, 0, '', 'pfit_t_person', '61070001'),
(8, 'person_template.xlsx', '2018-08-17 07:41:57', 'S', 27, 27, 0, '', 'pfit_t_person', '61070001'),
(9, 'person_template.xlsx', '2018-08-17 07:44:34', 'S', 27, 27, 0, '', 'pfit_t_person', '61070001'),
(22, 'person_template.xlsx', '2018-08-21 09:56:48', 'S', 27, 27, 0, '', 'pfit_t_person', '61070001'),
(23, 'person_template.xlsx', '2018-08-21 09:58:56', 'S', 27, 27, 0, '', 'pfit_t_person', '61080005'),
(24, 'person_template.xlsx', '2018-08-21 10:02:19', 'S', 27, 27, 0, '', 'pfit_t_person', '61080005'),
(25, 'person_template.xlsx', '2018-08-21 10:03:18', 'S', 27, 27, 0, '', 'pfit_t_person', '61080005'),
(26, 'person_template.xlsx', '2018-08-21 10:03:24', 'S', 27, 27, 0, '', 'pfit_t_person', '61080005'),
(27, 'person_template.xlsx', '2018-08-21 10:03:28', 'S', 27, 27, 0, '', 'pfit_t_person', '61080005'),
(34, 'person_template.xlsx', '2018-08-22 02:20:20', 'S', 27, 27, 0, '', 'pfit_t_person', '61080005'),
(35, 'person_template.xlsx', '2018-08-22 02:33:21', 'S', 27, 27, 0, '', 'pfit_t_person', '61080005'),
(38, 'person_template.xlsx', '2018-08-22 08:16:33', 'S', 27, 27, 0, '', 'pfit_t_person', '61080005'),
(39, 'person_template.xlsx', '2018-08-22 08:18:19', 'S', 27, 27, 0, '', 'pfit_t_person', '61080005'),
(40, '', '2018-08-22 08:19:16', 'S', 0, 0, 0, '', 'pfit_t_person', ''),
(41, 'person_template.xlsx', '2018-08-22 08:19:30', 'S', 27, 27, 0, '', 'pfit_t_person', '61080005'),
(42, 'person_template.xlsx', '2018-08-22 08:23:42', 'S', 27, 27, 0, '', 'pfit_t_person', '61080005');

-- --------------------------------------------------------

--
-- Table structure for table `pfit_t_person`
--

DROP TABLE IF EXISTS `pfit_t_person`;
CREATE TABLE `pfit_t_person` (
  `person_id` int(11) NOT NULL COMMENT 'เลขที่ transaction',
  `project_code` varchar(10) NOT NULL COMMENT 'รหัสกิจกรรม',
  `person_number` varchar(15) NOT NULL COMMENT 'เลขประจำตัว',
  `person_gender` varchar(1) NOT NULL COMMENT 'เพศ M=ชาย F=หญิง',
  `person_name` varchar(40) NOT NULL COMMENT 'ชื่อผู้ทดสอบ',
  `person_lname` varchar(50) NOT NULL COMMENT 'นามสกุล',
  `date_of_birth` date NOT NULL COMMENT 'วันเดือนปี เกิด',
  `wiegth` decimal(10,2) NOT NULL COMMENT 'น้ำหนัก',
  `height` decimal(10,2) NOT NULL COMMENT 'ส่วนสูง',
  `person_type` varchar(1) NOT NULL COMMENT 'ประเภทผู้ทดสอบ 1 = นักเรียน/นักศึกษา   2 =บุคคลทั่วไป',
  `education` varchar(200) NOT NULL COMMENT 'ชื่อสถานศึกษา',
  `stage` varchar(1) NOT NULL COMMENT 'ระดับชั้น',
  `grade` varchar(20) NOT NULL COMMENT 'ชั้น/ห้อง',
  `status_test` int(11) NOT NULL COMMENT 'สถานะการทดสอบ'
) ENGINE=InnoDB DEFAULT CHARSET=utf8 COMMENT='ข้อมูลผู้ทดสอบ';

--
-- Dumping data for table `pfit_t_person`
--

INSERT INTO `pfit_t_person` (`person_id`, `project_code`, `person_number`, `person_gender`, `person_name`, `person_lname`, `date_of_birth`, `wiegth`, `height`, `person_type`, `education`, `stage`, `grade`, `status_test`) VALUES
(1, '61070001', '13648', 'M', 'กฤตน์', 'วชิรอัมพร', '2002-07-25', '35.00', '146.00', '2', 'โรงเรียนเตรียมอุดมศึกษา', '2', '1/2', 0),
(2, '61070001', '13649', 'M', 'กฤติเดช', 'ศรีจอมขวัญ', '2002-01-02', '49.00', '165.00', '2', 'โรงเรียนเตรียมอุดมศึกษา', '2', '1/2', 0),
(3, '61070001', '13650', 'M', 'ชิติพัทธ์', 'คงทองวัฒนา', '2002-01-08', '58.00', '172.00', '2', 'โรงเรียนเตรียมอุดมศึกษา', '2', '1/1', 0),
(4, '61070001', '13651', 'M', 'ณัฐชนม์', 'ศรีบัวพิมพ์', '2002-05-25', '58.50', '160.00', '2', 'โรงเรียนเตรียมอุดมศึกษา', '2', '1/1', 0),
(5, '61070001', '13652', 'M', 'ธนดล', 'นาจันทอง', '2002-12-05', '51.00', '155.00', '2', 'โรงเรียนเตรียมอุดมศึกษา', '2', '1/1', 0),
(6, '61070001', '13653', 'M', 'ธนัท', 'อยรังสฤษฎ์กุล', '2003-01-20', '58.26', '173.00', '2', 'โรงเรียนเตรียมอุดมศึกษา', '2', '1/1', 0),
(7, '61070001', '13654', 'M', 'นนทพัทธ์', 'อรรถวิมลพร', '2002-09-01', '78.50', '173.00', '2', 'โรงเรียนเตรียมอุดมศึกษา', '2', '1/1', 0),
(8, '61070001', '13655', 'M', 'ปวริศ', 'ตั้งตระกูล', '2002-06-23', '40.80', '145.00', '2', 'โรงเรียนเตรียมอุดมศึกษา', '2', '1/1', 0),
(9, '61070001', '13656', 'M', 'พงศ์วิน', 'เสนสุกรีธันย์', '2001-12-04', '39.00', '159.00', '2', 'โรงเรียนเตรียมอุดมศึกษา', '2', '1/1', 0),
(10, '61070001', '13657', 'M', 'สมาธิ', 'ชื่นทองคำ', '2002-07-25', '47.10', '168.00', '2', 'โรงเรียนเตรียมอุดมศึกษา', '2', '1/1', 0),
(11, '61070001', '13658', 'M', 'สิทธิชัย', 'เกษแก้ว', '2002-03-05', '40.00', '163.00', '2', 'โรงเรียนเตรียมอุดมศึกษา', '2', '1/1', 0),
(12, '61070001', '13659', 'F', 'กชพรรณ', 'จงศิริ', '2002-07-25', '59.00', '166.00', '2', 'โรงเรียนเตรียมอุดมศึกษา', '2', '1/1', 0),
(13, '61070001', '13660', 'F', 'กัญญาณัฐ', 'เอื้อตระกูลชัย', '2002-01-02', '52.00', '156.00', '2', 'โรงเรียนเตรียมอุดมศึกษา', '2', '1/1', 0),
(14, '61070001', '13661', 'F', 'ขวัญจิรา', 'ศิวิลัย', '2002-01-08', '60.00', '170.00', '2', 'โรงเรียนเตรียมอุดมศึกษา', '2', '1/1', 0),
(15, '61070001', '13662', 'F', 'งามพิศ', 'อิทธินา', '2002-05-25', '42.00', '149.00', '2', 'โรงเรียนเตรียมอุดมศึกษา', '2', '1/1', 0),
(16, '61070001', '13663', 'F', 'จารุพร', 'สมในใจ', '2002-12-05', '46.00', '160.00', '2', 'โรงเรียนเตรียมอุดมศึกษา', '2', '1/1', 0),
(17, '61070001', '13664', 'F', 'จุฑามาศ', 'สุขศรี', '2003-01-20', '60.00', '153.00', '2', 'โรงเรียนเตรียมอุดมศึกษา', '2', '1/1', 0),
(18, '61070001', '13665', 'F', 'ชนันธร', 'หอมดี', '2002-09-01', '75.00', '166.00', '2', 'โรงเรียนเตรียมอุดมศึกษา', '2', '1/1', 0),
(19, '61070001', '13666', 'F', 'ธัญญา', 'วังศรี', '2002-06-23', '42.00', '150.00', '2', 'โรงเรียนเตรียมอุดมศึกษา', '2', '1/1', 0),
(20, '61070001', '13667', 'F', 'นภัสกร', 'กปิลกาญจน์', '2001-12-04', '50.00', '173.00', '2', 'โรงเรียนเตรียมอุดมศึกษา', '2', '1/1', 0),
(21, '61070001', '13668', 'F', 'นราภรณ์', 'กลิ่นระรวย', '2002-01-09', '46.00', '155.00', '2', 'โรงเรียนเตรียมอุดมศึกษา', '2', '1/1', 0),
(22, '61070001', '13669', 'F', 'นิชา', 'เชี่ยววิทย์', '2002-10-10', '41.30', '156.00', '2', 'โรงเรียนเตรียมอุดมศึกษา', '2', '1/1', 0),
(23, '61070001', '13670', 'F', 'บุญญิสา', 'แสงสกุล', '2001-01-01', '41.40', '154.00', '2', 'โรงเรียนเตรียมอุดมศึกษา', '2', '1/1', 0),
(24, '61070001', '13671', 'F', 'บุญณิตา', 'กึนพันธ์', '2001-02-02', '52.00', '158.00', '2', 'โรงเรียนเตรียมอุดมศึกษา', '2', '1/1', 0),
(25, '61070001', '13672', 'F', 'ปณาลี', 'ปรีดาภิรัตน์', '1984-04-04', '53.00', '150.00', '2', 'โรงเรียนเตรียมอุดมศึกษา', '2', '1/1', 0),
(26, '61070001', '13673', 'F', 'ปัทมพร', 'หลิน', '2002-07-07', '42.70', '155.00', '2', 'โรงเรียนเตรียมอุดมศึกษา', '2', '1/1', 0),
(27, '61070001', '13674', 'F', 'พัชรินทร์', 'คนแรง', '2002-02-11', '53.00', '153.00', '2', 'โรงเรียนเตรียมอุดมศึกษา', '2', '1/1', 0),
(28, '61080004', '0000001', 'M', 'ดช.ยินดี', 'มาดี', '2000-08-15', '30.00', '1.00', '1', '', '', '', 0),
(39, '61080005', '13648', 'M', 'กฤตน์', 'วชิรอัมพร', '2002-07-25', '35.00', '146.00', '1', 'โรงเรียนเตรียมอุดมศึกษา', '2', '1/2', 0),
(40, '61080005', '13649', 'M', 'กฤติเดช', 'ศรีจอมขวัญ', '2002-01-02', '49.00', '165.00', '1', 'โรงเรียนเตรียมอุดมศึกษา', '2', '1/2', 0),
(41, '61080005', '13650', 'M', 'ชิติพัทธ์', 'คงทองวัฒนา', '2002-01-08', '58.00', '172.00', '1', 'โรงเรียนเตรียมอุดมศึกษา', '2', '1/1', 0),
(42, '61080005', '13651', 'M', 'ณัฐชนม์', 'ศรีบัวพิมพ์', '2002-05-25', '58.50', '160.00', '1', 'โรงเรียนเตรียมอุดมศึกษา', '2', '1/1', 0),
(43, '61080005', '13652', 'M', 'ธนดล', 'นาจันทอง', '2002-12-05', '51.00', '155.00', '1', 'โรงเรียนเตรียมอุดมศึกษา', '2', '1/1', 0),
(44, '61080005', '13653', 'M', 'ธนัท', 'อยรังสฤษฎ์กุล', '2003-01-20', '58.26', '173.00', '1', 'โรงเรียนเตรียมอุดมศึกษา', '2', '1/1', 0),
(45, '61080005', '13654', 'M', 'นนทพัทธ์', 'อรรถวิมลพร', '2002-09-01', '78.50', '173.00', '1', 'โรงเรียนเตรียมอุดมศึกษา', '2', '1/1', 0),
(46, '61080005', '13655', 'M', 'ปวริศ', 'ตั้งตระกูล', '2002-06-23', '40.80', '145.00', '1', 'โรงเรียนเตรียมอุดมศึกษา', '2', '1/1', 0),
(47, '61080005', '13656', 'M', 'พงศ์วิน', 'เสนสุกรีธันย์', '2001-12-04', '39.00', '159.00', '1', 'โรงเรียนเตรียมอุดมศึกษา', '2', '1/1', 0),
(48, '61080005', '13657', 'M', 'สมาธิ', 'ชื่นทองคำ', '2002-07-25', '47.10', '168.00', '1', 'โรงเรียนเตรียมอุดมศึกษา', '2', '1/1', 0),
(49, '61080005', '13658', 'M', 'สิทธิชัย', 'เกษแก้ว', '2002-03-05', '40.00', '163.00', '1', 'โรงเรียนเตรียมอุดมศึกษา', '2', '1/1', 0),
(50, '61080005', '13659', 'F', 'กชพรรณ', 'จงศิริ', '2002-07-25', '59.00', '166.00', '1', 'โรงเรียนเตรียมอุดมศึกษา', '2', '1/1', 0),
(51, '61080005', '13660', 'F', 'กัญญาณัฐ', 'เอื้อตระกูลชัย', '2002-01-02', '52.00', '156.00', '1', 'โรงเรียนเตรียมอุดมศึกษา', '2', '1/1', 0),
(52, '61080005', '13661', 'F', 'ขวัญจิรา', 'ศิวิลัย', '2002-01-08', '60.00', '170.00', '1', 'โรงเรียนเตรียมอุดมศึกษา', '2', '1/1', 0),
(53, '61080005', '13662', 'F', 'งามพิศ', 'อิทธินา', '2002-05-25', '42.00', '149.00', '1', 'โรงเรียนเตรียมอุดมศึกษา', '2', '1/1', 0),
(54, '61080005', '13663', 'F', 'จารุพร', 'สมในใจ', '2002-12-05', '46.00', '160.00', '1', 'โรงเรียนเตรียมอุดมศึกษา', '2', '1/1', 0),
(55, '61080005', '13664', 'F', 'จุฑามาศ', 'สุขศรี', '2003-01-20', '60.00', '153.00', '1', 'โรงเรียนเตรียมอุดมศึกษา', '2', '1/1', 0),
(56, '61080005', '13665', 'F', 'ชนันธร', 'หอมดี', '2002-09-01', '75.00', '166.00', '1', 'โรงเรียนเตรียมอุดมศึกษา', '2', '1/1', 0),
(57, '61080005', '13666', 'F', 'ธัญญา', 'วังศรี', '2002-06-23', '42.00', '150.00', '1', 'โรงเรียนเตรียมอุดมศึกษา', '2', '1/1', 0),
(58, '61080005', '13667', 'F', 'นภัสกร', 'กปิลกาญจน์', '2001-12-04', '50.00', '173.00', '1', 'โรงเรียนเตรียมอุดมศึกษา', '2', '1/1', 0),
(59, '61080005', '13668', 'F', 'นราภรณ์', 'กลิ่นระรวย', '2002-01-09', '46.00', '155.00', '1', 'โรงเรียนเตรียมอุดมศึกษา', '2', '1/1', 0),
(60, '61080005', '13669', 'F', 'นิชา', 'เชี่ยววิทย์', '2002-10-10', '41.30', '156.00', '1', 'โรงเรียนเตรียมอุดมศึกษา', '2', '1/1', 0),
(61, '61080005', '13670', 'F', 'บุญญิสา', 'แสงสกุล', '2001-01-01', '41.40', '154.00', '1', 'โรงเรียนเตรียมอุดมศึกษา', '2', '1/1', 0),
(62, '61080005', '13671', 'F', 'บุญณิตา', 'กึนพันธ์', '2001-02-02', '52.00', '158.00', '1', 'โรงเรียนเตรียมอุดมศึกษา', '2', '1/1', 0),
(63, '61080005', '13672', 'F', 'ปณาลี', 'ปรีดาภิรัตน์', '1984-04-04', '53.00', '150.00', '1', 'โรงเรียนเตรียมอุดมศึกษา', '2', '1/1', 0),
(64, '61080005', '13673', 'F', 'ปัทมพร', 'หลิน', '2002-07-07', '42.70', '155.00', '1', 'โรงเรียนเตรียมอุดมศึกษา', '2', '1/1', 0),
(65, '61080005', '13674', 'F', 'พัชรินทร์', 'คนแรง', '2002-02-11', '53.00', '153.00', '1', 'โรงเรียนเตรียมอุดมศึกษา', '2', '1/1', 0),
(66, '61080005', '13648', 'M', 'กฤตน์', 'วชิรอัมพร', '2002-07-25', '35.00', '146.00', '1', 'โรงเรียนเตรียมอุดมศึกษา', '2', '1/2', 0),
(67, '61080005', '13649', 'M', 'กฤติเดช', 'ศรีจอมขวัญ', '2002-01-02', '49.00', '165.00', '1', 'โรงเรียนเตรียมอุดมศึกษา', '2', '1/2', 0),
(68, '61080005', '13650', 'M', 'ชิติพัทธ์', 'คงทองวัฒนา', '2002-01-08', '58.00', '172.00', '1', 'โรงเรียนเตรียมอุดมศึกษา', '2', '1/1', 0),
(69, '61080005', '13651', 'M', 'ณัฐชนม์', 'ศรีบัวพิมพ์', '2002-05-25', '58.50', '160.00', '1', 'โรงเรียนเตรียมอุดมศึกษา', '2', '1/1', 0),
(70, '61080005', '13652', 'M', 'ธนดล', 'นาจันทอง', '2002-12-05', '51.00', '155.00', '1', 'โรงเรียนเตรียมอุดมศึกษา', '2', '1/1', 0),
(71, '61080005', '13653', 'M', 'ธนัท', 'อยรังสฤษฎ์กุล', '2003-01-20', '58.26', '173.00', '1', 'โรงเรียนเตรียมอุดมศึกษา', '2', '1/1', 0),
(72, '61080005', '13654', 'M', 'นนทพัทธ์', 'อรรถวิมลพร', '2002-09-01', '78.50', '173.00', '1', 'โรงเรียนเตรียมอุดมศึกษา', '2', '1/1', 0),
(73, '61080005', '13655', 'M', 'ปวริศ', 'ตั้งตระกูล', '2002-06-23', '40.80', '145.00', '1', 'โรงเรียนเตรียมอุดมศึกษา', '2', '1/1', 0),
(74, '61080005', '13656', 'M', 'พงศ์วิน', 'เสนสุกรีธันย์', '2001-12-04', '39.00', '159.00', '1', 'โรงเรียนเตรียมอุดมศึกษา', '2', '1/1', 0),
(75, '61080005', '13657', 'M', 'สมาธิ', 'ชื่นทองคำ', '2002-07-25', '47.10', '168.00', '1', 'โรงเรียนเตรียมอุดมศึกษา', '2', '1/1', 0),
(76, '61080005', '13658', 'M', 'สิทธิชัย', 'เกษแก้ว', '2002-03-05', '40.00', '163.00', '1', 'โรงเรียนเตรียมอุดมศึกษา', '2', '1/1', 0),
(77, '61080005', '13659', 'F', 'กชพรรณ', 'จงศิริ', '2002-07-25', '59.00', '166.00', '1', 'โรงเรียนเตรียมอุดมศึกษา', '2', '1/1', 0),
(78, '61080005', '13660', 'F', 'กัญญาณัฐ', 'เอื้อตระกูลชัย', '2002-01-02', '52.00', '156.00', '1', 'โรงเรียนเตรียมอุดมศึกษา', '2', '1/1', 0),
(79, '61080005', '13661', 'F', 'ขวัญจิรา', 'ศิวิลัย', '2002-01-08', '60.00', '170.00', '1', 'โรงเรียนเตรียมอุดมศึกษา', '2', '1/1', 0),
(80, '61080005', '13662', 'F', 'งามพิศ', 'อิทธินา', '2002-05-25', '42.00', '149.00', '1', 'โรงเรียนเตรียมอุดมศึกษา', '2', '1/1', 0),
(81, '61080005', '13663', 'F', 'จารุพร', 'สมในใจ', '2002-12-05', '46.00', '160.00', '1', 'โรงเรียนเตรียมอุดมศึกษา', '2', '1/1', 0),
(82, '61080005', '13664', 'F', 'จุฑามาศ', 'สุขศรี', '2003-01-20', '60.00', '153.00', '1', 'โรงเรียนเตรียมอุดมศึกษา', '2', '1/1', 0),
(83, '61080005', '13665', 'F', 'ชนันธร', 'หอมดี', '2002-09-01', '75.00', '166.00', '1', 'โรงเรียนเตรียมอุดมศึกษา', '2', '1/1', 0),
(84, '61080005', '13666', 'F', 'ธัญญา', 'วังศรี', '2002-06-23', '42.00', '150.00', '1', 'โรงเรียนเตรียมอุดมศึกษา', '2', '1/1', 0),
(85, '61080005', '13667', 'F', 'นภัสกร', 'กปิลกาญจน์', '2001-12-04', '50.00', '173.00', '1', 'โรงเรียนเตรียมอุดมศึกษา', '2', '1/1', 0),
(86, '61080005', '13668', 'F', 'นราภรณ์', 'กลิ่นระรวย', '2002-01-09', '46.00', '155.00', '1', 'โรงเรียนเตรียมอุดมศึกษา', '2', '1/1', 0),
(87, '61080005', '13669', 'F', 'นิชา', 'เชี่ยววิทย์', '2002-10-10', '41.30', '156.00', '1', 'โรงเรียนเตรียมอุดมศึกษา', '2', '1/1', 0),
(88, '61080005', '13670', 'F', 'บุญญิสา', 'แสงสกุล', '2001-01-01', '41.40', '154.00', '1', 'โรงเรียนเตรียมอุดมศึกษา', '2', '1/1', 0),
(89, '61080005', '13671', 'F', 'บุญณิตา', 'กึนพันธ์', '2001-02-02', '52.00', '158.00', '1', 'โรงเรียนเตรียมอุดมศึกษา', '2', '1/1', 0),
(90, '61080005', '13672', 'F', 'ปณาลี', 'ปรีดาภิรัตน์', '1984-04-04', '53.00', '150.00', '1', 'โรงเรียนเตรียมอุดมศึกษา', '2', '1/1', 0),
(91, '61080005', '13673', 'F', 'ปัทมพร', 'หลิน', '2002-07-07', '42.70', '155.00', '1', 'โรงเรียนเตรียมอุดมศึกษา', '2', '1/1', 0),
(92, '61080005', '13674', 'F', 'พัชรินทร์', 'คนแรง', '2002-02-11', '53.00', '153.00', '1', 'โรงเรียนเตรียมอุดมศึกษา', '2', '1/1', 0),
(93, '61080005', '13648', 'M', 'กฤตน์', 'วชิรอัมพร', '2002-07-25', '35.00', '146.00', '1', 'โรงเรียนเตรียมอุดมศึกษา', '2', '1/2', 0),
(94, '61080005', '13649', 'M', 'กฤติเดช', 'ศรีจอมขวัญ', '2002-01-02', '49.00', '165.00', '1', 'โรงเรียนเตรียมอุดมศึกษา', '2', '1/2', 0),
(95, '61080005', '13650', 'M', 'ชิติพัทธ์', 'คงทองวัฒนา', '2002-01-08', '58.00', '172.00', '1', 'โรงเรียนเตรียมอุดมศึกษา', '2', '1/1', 0),
(96, '61080005', '13651', 'M', 'ณัฐชนม์', 'ศรีบัวพิมพ์', '2002-05-25', '58.50', '160.00', '1', 'โรงเรียนเตรียมอุดมศึกษา', '2', '1/1', 0),
(97, '61080005', '13652', 'M', 'ธนดล', 'นาจันทอง', '2002-12-05', '51.00', '155.00', '1', 'โรงเรียนเตรียมอุดมศึกษา', '2', '1/1', 0),
(98, '61080005', '13653', 'M', 'ธนัท', 'อยรังสฤษฎ์กุล', '2003-01-20', '58.26', '173.00', '1', 'โรงเรียนเตรียมอุดมศึกษา', '2', '1/1', 0),
(99, '61080005', '13654', 'M', 'นนทพัทธ์', 'อรรถวิมลพร', '2002-09-01', '78.50', '173.00', '1', 'โรงเรียนเตรียมอุดมศึกษา', '2', '1/1', 0),
(100, '61080005', '13655', 'M', 'ปวริศ', 'ตั้งตระกูล', '2002-06-23', '40.80', '145.00', '1', 'โรงเรียนเตรียมอุดมศึกษา', '2', '1/1', 0),
(101, '61080005', '13656', 'M', 'พงศ์วิน', 'เสนสุกรีธันย์', '2001-12-04', '39.00', '159.00', '1', 'โรงเรียนเตรียมอุดมศึกษา', '2', '1/1', 0),
(102, '61080005', '13657', 'M', 'สมาธิ', 'ชื่นทองคำ', '2002-07-25', '47.10', '168.00', '1', 'โรงเรียนเตรียมอุดมศึกษา', '2', '1/1', 0),
(103, '61080005', '13658', 'M', 'สิทธิชัย', 'เกษแก้ว', '2002-03-05', '40.00', '163.00', '1', 'โรงเรียนเตรียมอุดมศึกษา', '2', '1/1', 0),
(104, '61080005', '13659', 'F', 'กชพรรณ', 'จงศิริ', '2002-07-25', '59.00', '166.00', '1', 'โรงเรียนเตรียมอุดมศึกษา', '2', '1/1', 0),
(105, '61080005', '13660', 'F', 'กัญญาณัฐ', 'เอื้อตระกูลชัย', '2002-01-02', '52.00', '156.00', '1', 'โรงเรียนเตรียมอุดมศึกษา', '2', '1/1', 0),
(106, '61080005', '13661', 'F', 'ขวัญจิรา', 'ศิวิลัย', '2002-01-08', '60.00', '170.00', '1', 'โรงเรียนเตรียมอุดมศึกษา', '2', '1/1', 0),
(107, '61080005', '13662', 'F', 'งามพิศ', 'อิทธินา', '2002-05-25', '42.00', '149.00', '1', 'โรงเรียนเตรียมอุดมศึกษา', '2', '1/1', 0),
(108, '61080005', '13663', 'F', 'จารุพร', 'สมในใจ', '2002-12-05', '46.00', '160.00', '1', 'โรงเรียนเตรียมอุดมศึกษา', '2', '1/1', 0),
(109, '61080005', '13664', 'F', 'จุฑามาศ', 'สุขศรี', '2003-01-20', '60.00', '153.00', '1', 'โรงเรียนเตรียมอุดมศึกษา', '2', '1/1', 0),
(110, '61080005', '13665', 'F', 'ชนันธร', 'หอมดี', '2002-09-01', '75.00', '166.00', '1', 'โรงเรียนเตรียมอุดมศึกษา', '2', '1/1', 0),
(111, '61080005', '13666', 'F', 'ธัญญา', 'วังศรี', '2002-06-23', '42.00', '150.00', '1', 'โรงเรียนเตรียมอุดมศึกษา', '2', '1/1', 0),
(112, '61080005', '13667', 'F', 'นภัสกร', 'กปิลกาญจน์', '2001-12-04', '50.00', '173.00', '1', 'โรงเรียนเตรียมอุดมศึกษา', '2', '1/1', 0),
(113, '61080005', '13668', 'F', 'นราภรณ์', 'กลิ่นระรวย', '2002-01-09', '46.00', '155.00', '1', 'โรงเรียนเตรียมอุดมศึกษา', '2', '1/1', 0),
(114, '61080005', '13669', 'F', 'นิชา', 'เชี่ยววิทย์', '2002-10-10', '41.30', '156.00', '1', 'โรงเรียนเตรียมอุดมศึกษา', '2', '1/1', 0),
(115, '61080005', '13670', 'F', 'บุญญิสา', 'แสงสกุล', '2001-01-01', '41.40', '154.00', '1', 'โรงเรียนเตรียมอุดมศึกษา', '2', '1/1', 0),
(116, '61080005', '13671', 'F', 'บุญณิตา', 'กึนพันธ์', '2001-02-02', '52.00', '158.00', '1', 'โรงเรียนเตรียมอุดมศึกษา', '2', '1/1', 0),
(117, '61080005', '13672', 'F', 'ปณาลี', 'ปรีดาภิรัตน์', '1984-04-04', '53.00', '150.00', '1', 'โรงเรียนเตรียมอุดมศึกษา', '2', '1/1', 0),
(118, '61080005', '13673', 'F', 'ปัทมพร', 'หลิน', '2002-07-07', '42.70', '155.00', '1', 'โรงเรียนเตรียมอุดมศึกษา', '2', '1/1', 0),
(119, '61080005', '13674', 'F', 'พัชรินทร์', 'คนแรง', '2002-02-11', '53.00', '153.00', '1', 'โรงเรียนเตรียมอุดมศึกษา', '2', '1/1', 0),
(120, '61080005', '13648', 'M', 'กฤตน์', 'วชิรอัมพร', '2002-07-25', '35.00', '146.00', '1', 'โรงเรียนเตรียมอุดมศึกษา', '2', '1/2', 0),
(121, '61080005', '13649', 'M', 'กฤติเดช', 'ศรีจอมขวัญ', '2002-01-02', '49.00', '165.00', '1', 'โรงเรียนเตรียมอุดมศึกษา', '2', '1/2', 0),
(122, '61080005', '13650', 'M', 'ชิติพัทธ์', 'คงทองวัฒนา', '2002-01-08', '58.00', '172.00', '1', 'โรงเรียนเตรียมอุดมศึกษา', '2', '1/1', 0),
(123, '61080005', '13651', 'M', 'ณัฐชนม์', 'ศรีบัวพิมพ์', '2002-05-25', '58.50', '160.00', '1', 'โรงเรียนเตรียมอุดมศึกษา', '2', '1/1', 0),
(124, '61080005', '13652', 'M', 'ธนดล', 'นาจันทอง', '2002-12-05', '51.00', '155.00', '1', 'โรงเรียนเตรียมอุดมศึกษา', '2', '1/1', 0),
(125, '61080005', '13653', 'M', 'ธนัท', 'อยรังสฤษฎ์กุล', '2003-01-20', '58.26', '173.00', '1', 'โรงเรียนเตรียมอุดมศึกษา', '2', '1/1', 0),
(126, '61080005', '13654', 'M', 'นนทพัทธ์', 'อรรถวิมลพร', '2002-09-01', '78.50', '173.00', '1', 'โรงเรียนเตรียมอุดมศึกษา', '2', '1/1', 0),
(127, '61080005', '13655', 'M', 'ปวริศ', 'ตั้งตระกูล', '2002-06-23', '40.80', '145.00', '1', 'โรงเรียนเตรียมอุดมศึกษา', '2', '1/1', 0),
(128, '61080005', '13656', 'M', 'พงศ์วิน', 'เสนสุกรีธันย์', '2001-12-04', '39.00', '159.00', '1', 'โรงเรียนเตรียมอุดมศึกษา', '2', '1/1', 0),
(129, '61080005', '13657', 'M', 'สมาธิ', 'ชื่นทองคำ', '2002-07-25', '47.10', '168.00', '1', 'โรงเรียนเตรียมอุดมศึกษา', '2', '1/1', 0),
(130, '61080005', '13658', 'M', 'สิทธิชัย', 'เกษแก้ว', '2002-03-05', '40.00', '163.00', '1', 'โรงเรียนเตรียมอุดมศึกษา', '2', '1/1', 0),
(131, '61080005', '13659', 'F', 'กชพรรณ', 'จงศิริ', '2002-07-25', '59.00', '166.00', '1', 'โรงเรียนเตรียมอุดมศึกษา', '2', '1/1', 0),
(132, '61080005', '13660', 'F', 'กัญญาณัฐ', 'เอื้อตระกูลชัย', '2002-01-02', '52.00', '156.00', '1', 'โรงเรียนเตรียมอุดมศึกษา', '2', '1/1', 0),
(133, '61080005', '13661', 'F', 'ขวัญจิรา', 'ศิวิลัย', '2002-01-08', '60.00', '170.00', '1', 'โรงเรียนเตรียมอุดมศึกษา', '2', '1/1', 0),
(134, '61080005', '13662', 'F', 'งามพิศ', 'อิทธินา', '2002-05-25', '42.00', '149.00', '1', 'โรงเรียนเตรียมอุดมศึกษา', '2', '1/1', 0),
(135, '61080005', '13663', 'F', 'จารุพร', 'สมในใจ', '2002-12-05', '46.00', '160.00', '1', 'โรงเรียนเตรียมอุดมศึกษา', '2', '1/1', 0),
(136, '61080005', '13664', 'F', 'จุฑามาศ', 'สุขศรี', '2003-01-20', '60.00', '153.00', '1', 'โรงเรียนเตรียมอุดมศึกษา', '2', '1/1', 0),
(137, '61080005', '13665', 'F', 'ชนันธร', 'หอมดี', '2002-09-01', '75.00', '166.00', '1', 'โรงเรียนเตรียมอุดมศึกษา', '2', '1/1', 0),
(138, '61080005', '13666', 'F', 'ธัญญา', 'วังศรี', '2002-06-23', '42.00', '150.00', '1', 'โรงเรียนเตรียมอุดมศึกษา', '2', '1/1', 0),
(139, '61080005', '13667', 'F', 'นภัสกร', 'กปิลกาญจน์', '2001-12-04', '50.00', '173.00', '1', 'โรงเรียนเตรียมอุดมศึกษา', '2', '1/1', 0),
(140, '61080005', '13668', 'F', 'นราภรณ์', 'กลิ่นระรวย', '2002-01-09', '46.00', '155.00', '1', 'โรงเรียนเตรียมอุดมศึกษา', '2', '1/1', 0),
(141, '61080005', '13669', 'F', 'นิชา', 'เชี่ยววิทย์', '2002-10-10', '41.30', '156.00', '1', 'โรงเรียนเตรียมอุดมศึกษา', '2', '1/1', 0),
(142, '61080005', '13670', 'F', 'บุญญิสา', 'แสงสกุล', '2001-01-01', '41.40', '154.00', '1', 'โรงเรียนเตรียมอุดมศึกษา', '2', '1/1', 0),
(143, '61080005', '13671', 'F', 'บุญณิตา', 'กึนพันธ์', '2001-02-02', '52.00', '158.00', '1', 'โรงเรียนเตรียมอุดมศึกษา', '2', '1/1', 0),
(144, '61080005', '13672', 'F', 'ปณาลี', 'ปรีดาภิรัตน์', '1984-04-04', '53.00', '150.00', '1', 'โรงเรียนเตรียมอุดมศึกษา', '2', '1/1', 0),
(145, '61080005', '13673', 'F', 'ปัทมพร', 'หลิน', '2002-07-07', '42.70', '155.00', '1', 'โรงเรียนเตรียมอุดมศึกษา', '2', '1/1', 0),
(146, '61080005', '13674', 'F', 'พัชรินทร์', 'คนแรง', '2002-02-11', '53.00', '153.00', '1', 'โรงเรียนเตรียมอุดมศึกษา', '2', '1/1', 0),
(147, '61080005', '13648', 'M', 'กฤตน์', 'วชิรอัมพร', '2002-07-25', '35.00', '146.00', '1', 'โรงเรียนเตรียมอุดมศึกษา', '2', '1/2', 0),
(148, '61080005', '13649', 'M', 'กฤติเดช', 'ศรีจอมขวัญ', '2002-01-02', '49.00', '165.00', '1', 'โรงเรียนเตรียมอุดมศึกษา', '2', '1/2', 0),
(149, '61080005', '13650', 'M', 'ชิติพัทธ์', 'คงทองวัฒนา', '2002-01-08', '58.00', '172.00', '1', 'โรงเรียนเตรียมอุดมศึกษา', '2', '1/1', 0),
(150, '61080005', '13651', 'M', 'ณัฐชนม์', 'ศรีบัวพิมพ์', '2002-05-25', '58.50', '160.00', '1', 'โรงเรียนเตรียมอุดมศึกษา', '2', '1/1', 0),
(151, '61080005', '13652', 'M', 'ธนดล', 'นาจันทอง', '2002-12-05', '51.00', '155.00', '1', 'โรงเรียนเตรียมอุดมศึกษา', '2', '1/1', 0),
(152, '61080005', '13653', 'M', 'ธนัท', 'อยรังสฤษฎ์กุล', '2003-01-20', '58.26', '173.00', '1', 'โรงเรียนเตรียมอุดมศึกษา', '2', '1/1', 0),
(153, '61080005', '13654', 'M', 'นนทพัทธ์', 'อรรถวิมลพร', '2002-09-01', '78.50', '173.00', '1', 'โรงเรียนเตรียมอุดมศึกษา', '2', '1/1', 0),
(154, '61080005', '13655', 'M', 'ปวริศ', 'ตั้งตระกูล', '2002-06-23', '40.80', '145.00', '1', 'โรงเรียนเตรียมอุดมศึกษา', '2', '1/1', 0),
(155, '61080005', '13656', 'M', 'พงศ์วิน', 'เสนสุกรีธันย์', '2001-12-04', '39.00', '159.00', '1', 'โรงเรียนเตรียมอุดมศึกษา', '2', '1/1', 0),
(156, '61080005', '13657', 'M', 'สมาธิ', 'ชื่นทองคำ', '2002-07-25', '47.10', '168.00', '1', 'โรงเรียนเตรียมอุดมศึกษา', '2', '1/1', 0),
(157, '61080005', '13658', 'M', 'สิทธิชัย', 'เกษแก้ว', '2002-03-05', '40.00', '163.00', '1', 'โรงเรียนเตรียมอุดมศึกษา', '2', '1/1', 0),
(158, '61080005', '13659', 'F', 'กชพรรณ', 'จงศิริ', '2002-07-25', '59.00', '166.00', '1', 'โรงเรียนเตรียมอุดมศึกษา', '2', '1/1', 0),
(159, '61080005', '13660', 'F', 'กัญญาณัฐ', 'เอื้อตระกูลชัย', '2002-01-02', '52.00', '156.00', '1', 'โรงเรียนเตรียมอุดมศึกษา', '2', '1/1', 0),
(160, '61080005', '13661', 'F', 'ขวัญจิรา', 'ศิวิลัย', '2002-01-08', '60.00', '170.00', '1', 'โรงเรียนเตรียมอุดมศึกษา', '2', '1/1', 0),
(161, '61080005', '13662', 'F', 'งามพิศ', 'อิทธินา', '2002-05-25', '42.00', '149.00', '1', 'โรงเรียนเตรียมอุดมศึกษา', '2', '1/1', 0),
(162, '61080005', '13663', 'F', 'จารุพร', 'สมในใจ', '2002-12-05', '46.00', '160.00', '1', 'โรงเรียนเตรียมอุดมศึกษา', '2', '1/1', 0),
(163, '61080005', '13664', 'F', 'จุฑามาศ', 'สุขศรี', '2003-01-20', '60.00', '153.00', '1', 'โรงเรียนเตรียมอุดมศึกษา', '2', '1/1', 0),
(164, '61080005', '13665', 'F', 'ชนันธร', 'หอมดี', '2002-09-01', '75.00', '166.00', '1', 'โรงเรียนเตรียมอุดมศึกษา', '2', '1/1', 0),
(165, '61080005', '13666', 'F', 'ธัญญา', 'วังศรี', '2002-06-23', '42.00', '150.00', '1', 'โรงเรียนเตรียมอุดมศึกษา', '2', '1/1', 0),
(166, '61080005', '13667', 'F', 'นภัสกร', 'กปิลกาญจน์', '2001-12-04', '50.00', '173.00', '1', 'โรงเรียนเตรียมอุดมศึกษา', '2', '1/1', 0),
(167, '61080005', '13668', 'F', 'นราภรณ์', 'กลิ่นระรวย', '2002-01-09', '46.00', '155.00', '1', 'โรงเรียนเตรียมอุดมศึกษา', '2', '1/1', 0),
(168, '61080005', '13669', 'F', 'นิชา', 'เชี่ยววิทย์', '2002-10-10', '41.30', '156.00', '1', 'โรงเรียนเตรียมอุดมศึกษา', '2', '1/1', 0),
(169, '61080005', '13670', 'F', 'บุญญิสา', 'แสงสกุล', '2001-01-01', '41.40', '154.00', '1', 'โรงเรียนเตรียมอุดมศึกษา', '2', '1/1', 0),
(170, '61080005', '13671', 'F', 'บุญณิตา', 'กึนพันธ์', '2001-02-02', '52.00', '158.00', '1', 'โรงเรียนเตรียมอุดมศึกษา', '2', '1/1', 0),
(171, '61080005', '13672', 'F', 'ปณาลี', 'ปรีดาภิรัตน์', '1984-04-04', '53.00', '150.00', '1', 'โรงเรียนเตรียมอุดมศึกษา', '2', '1/1', 0),
(172, '61080005', '13673', 'F', 'ปัทมพร', 'หลิน', '2002-07-07', '42.70', '155.00', '1', 'โรงเรียนเตรียมอุดมศึกษา', '2', '1/1', 0),
(173, '61080005', '13674', 'F', 'พัชรินทร์', 'คนแรง', '2002-02-11', '53.00', '153.00', '1', 'โรงเรียนเตรียมอุดมศึกษา', '2', '1/1', 0);

-- --------------------------------------------------------

--
-- Table structure for table `pfit_t_project`
--

DROP TABLE IF EXISTS `pfit_t_project`;
CREATE TABLE `pfit_t_project` (
  `project_id` int(11) NOT NULL COMMENT 'เลขที่ transaction',
  `project_code` varchar(50) COLLATE utf8_unicode_ci NOT NULL COMMENT 'รหัสกิจกรรม',
  `project_name` varchar(100) COLLATE utf8_unicode_ci NOT NULL COMMENT 'ชื่อกิจกรรม',
  `start_date` date NOT NULL COMMENT 'วันที่เริ่มกิจกรรม',
  `end_date` date NOT NULL COMMENT 'วันที่สิ้นสุด',
  `location` varchar(100) COLLATE utf8_unicode_ci NOT NULL COMMENT 'สถานที่จัดกิจกรรม',
  `project_detail` text COLLATE utf8_unicode_ci NOT NULL COMMENT 'รายละเอียดกิจกรรม',
  `status` varchar(1) COLLATE utf8_unicode_ci NOT NULL COMMENT 'สถานการณ์ใช้งาน Y = ใช้งาน  N = ไม่ใช้งาน',
  `test_code` varchar(150) COLLATE utf8_unicode_ci NOT NULL COMMENT 'รหัสฐานการทดสอบ'
) ENGINE=InnoDB DEFAULT CHARSET=utf8 COLLATE=utf8_unicode_ci;

--
-- Dumping data for table `pfit_t_project`
--

INSERT INTO `pfit_t_project` (`project_id`, `project_code`, `project_name`, `start_date`, `end_date`, `location`, `project_detail`, `status`, `test_code`) VALUES
(1, '61070001', 'ชุมชน 3', '2018-07-22', '2018-07-31', 'โรงเรียน ก.', 'ทดสอบรายชื่อ', 'Y', ''),
(2, '61070002', 'ชุมชน 1', '2018-07-23', '2018-07-27', 'โรงเรียน ข.', '', 'Y', ',TST02'),
(3, '61070003', 'กิจกรรม 1', '2018-07-24', '2018-07-28', 'กรมพลศึกษา', '', 'Y', ',TST02,TST03'),
(4, '61080004', 'รร.พร้อมทดสอบ', '2018-08-15', '2018-08-15', 'สนามกีฬาจังหวัดนนทบุรี', '', 'Y', ',TST02,TST01,TST03'),
(5, '61080005', 'โรงเรียนสตรีนนทบุรี', '2018-08-01', '2018-08-21', 'โรงเรียนสตรีนนทบุรี', '', 'Y', '');

-- --------------------------------------------------------

--
-- Table structure for table `pfit_t_project_test`
--

DROP TABLE IF EXISTS `pfit_t_project_test`;
CREATE TABLE `pfit_t_project_test` (
  `project_code` varchar(50) NOT NULL COMMENT 'รหัสกิจกรรม',
  `test_code` varchar(10) NOT NULL COMMENT 'รหัสฐานการทดสอบ',
  `test_seq` int(11) DEFAULT NULL COMMENT 'ลำดับการแสดง'
) ENGINE=InnoDB DEFAULT CHARSET=utf8 COMMENT='ข้อมูลฐานการทดสอบของกิจกรรม';

--
-- Dumping data for table `pfit_t_project_test`
--

INSERT INTO `pfit_t_project_test` (`project_code`, `test_code`, `test_seq`) VALUES
('61070001', 'TST02', 3),
('61070001', 'TST03', 2),
('61070001', 'TST04', 1),
('61080005', 'TST01', 5),
('61080005', 'TST02', 4),
('61080005', 'TST03', 1),
('61080005', 'TST04', 2),
('61080005', 'TST05', 3);

-- --------------------------------------------------------

--
-- Table structure for table `pfit_t_result`
--

DROP TABLE IF EXISTS `pfit_t_result`;
CREATE TABLE `pfit_t_result` (
  `result_id` int(11) NOT NULL COMMENT 'เลขที่ transaction',
  `project_code` varchar(10) NOT NULL COMMENT 'รหัสกิจกรรม',
  `person_number` varchar(15) NOT NULL COMMENT 'เลขประจำตัว',
  `result` int(11) NOT NULL COMMENT 'ผลการทดสอบ',
  `test_code` varchar(10) NOT NULL COMMENT 'ผลการทดสอบ',
  `category_criteria_detail_code` varchar(10) NOT NULL COMMENT 'รหัสเกณฑ์การวัด',
  `date_create` datetime NOT NULL COMMENT 'วันที่บันทึก'
) ENGINE=InnoDB DEFAULT CHARSET=utf8 COMMENT='ข้อมูลผลการทดสอบ';

-- --------------------------------------------------------

--
-- Table structure for table `pfit_t_test`
--

DROP TABLE IF EXISTS `pfit_t_test`;
CREATE TABLE `pfit_t_test` (
  `test_id` int(11) NOT NULL,
  `test_code` varchar(10) NOT NULL COMMENT 'รหัสฐานการทดสอบ',
  `test_name` varchar(100) NOT NULL COMMENT 'ชื่อฐานการทดสอบ',
  `test_opjective` varchar(200) NOT NULL COMMENT 'รายละเอียดองค์ประกอบที่ต้องวัด',
  `test_detail` longtext COMMENT 'รายละเอียดฐานการทดสอบ',
  `category_criteria_code` varchar(10) NOT NULL COMMENT 'รหัสแปลผลการทดสอบ',
  `test_unit` varchar(50) NOT NULL COMMENT 'หน่วยที่ใช้วัด',
  `test_min` decimal(10,2) DEFAULT NULL COMMENT 'ค่าต่ำสุดที่ยอมรับได้',
  `test_max` decimal(10,2) DEFAULT NULL COMMENT 'ค่าสูงสุดที่ยอมรับได้',
  `test_calculator` varchar(2) NOT NULL COMMENT 'สูตรการคำนวณ 1 = ค่าที่ได้ 2 = ค่าที่ได้/น้ำหนัก 3 = ค่าที่ได้/ส่วนสูง',
  `status` varchar(1) NOT NULL COMMENT 'สถานการณ์ใช้งาน Y = ใช้งาน  N = ไม่ใช้งาน'
) ENGINE=InnoDB DEFAULT CHARSET=utf8 COMMENT='ข้อมูลฐานการทดสอบ';

--
-- Dumping data for table `pfit_t_test`
--

INSERT INTO `pfit_t_test` (`test_id`, `test_code`, `test_name`, `test_opjective`, `test_detail`, `category_criteria_code`, `test_unit`, `test_min`, `test_max`, `test_calculator`, `status`) VALUES
(2, 'TST02', 'งอแขนยกน้ำหนัก', '', '', 'CAT02', 'กก.', '-0.50', '1.00', '1', 'Y'),
(5, 'TST01', 'นั้งงอตัวไปข้างหน้า', '', '', 'CAT01', 'กก.', NULL, NULL, '2', 'Y'),
(6, 'TST03', 'ความหนาแน่นของไขมันใต้ผิวหนัง', 'เพื่อตรวจประเมินองค์ประกอบของร่างกายในด้านระดับเปอร์เซ็นต์ไขมันในร่างกาย', '', 'CAT01', 'เปอร์เซ็นต์', NULL, NULL, '1', 'Y'),
(7, 'TST04', 'รายการดัชนีมวลกาย', 'เพื่อประเมินความเหมาะสมของสัดส่วนร่างกาย (น้ำหนักและส่วนสูง)', '<p>วัตถุประสงค์การทดสอบ : เพื่อประเมินความเหมาะสมของสัดส่วนของร่างการ (น้ำหนักและส่วนสูง)</p>\r\n\r\n<p>Exple&nbsp;</p>\r\n', 'CAT04', 'กิโลกรัม/ตารางเมตร', '0.00', '50.00', '1', 'Y'),
(8, 'TST05', 'แรงบีบมือ/Hand strength', 'เพื่อประเมินความแข็งแรงของกล้ามเนื้อแขนและมือ', '', 'CAT02', 'กิโลกรัม/น้ำหนักตัว', '0.00', '1.00', '1', 'Y');

-- --------------------------------------------------------

--
-- Table structure for table `pfit_t_test_criteria`
--

DROP TABLE IF EXISTS `pfit_t_test_criteria`;
CREATE TABLE `pfit_t_test_criteria` (
  `test_criteria_id` int(11) NOT NULL COMMENT 'เลขที่ transaction',
  `test_criteria_code` varchar(10) NOT NULL COMMENT 'รหัสเกณฑ์การทดสอบ',
  `test_code` varchar(10) NOT NULL COMMENT 'รหัสฐานการทดสอบ',
  `age` int(11) NOT NULL COMMENT 'อายุที่ใช้วัดเกณฑ์การทดสอบ',
  `gender` varchar(1) NOT NULL COMMENT 'เพศ M=ชาย F=หญิง',
  `min` decimal(11,2) NOT NULL COMMENT 'ค่าต่ำสุดที่ใช้วัดเกณฑ์การทดสอบ',
  `max` decimal(11,2) NOT NULL COMMENT 'ค่าสูงสุดที่ใช้วัดเกณฑ์การทดสอบ',
  `category_criteria_detail_code` varchar(10) NOT NULL COMMENT 'รหัสรายการผลการทดสอบ',
  `type_test` varchar(1) NOT NULL COMMENT 'ประเภทผู้ทดสอบ 1 = บุลคลทั่วไป  2 = นักกีฬา ',
  `test_suggest` longtext COMMENT 'คำแนะนำ',
  `test_suggest_en` longtext COMMENT 'คำแนะนำภาษาอังกฤษ',
  `status` varchar(1) NOT NULL COMMENT 'สถานการณ์ใช้งาน Y = ใช้งาน  N = ไม่ใช้งาน'
) ENGINE=InnoDB DEFAULT CHARSET=utf8 COMMENT='ข้อมูลเกณฑ์การทดสอบ';

--
-- Dumping data for table `pfit_t_test_criteria`
--

INSERT INTO `pfit_t_test_criteria` (`test_criteria_id`, `test_criteria_code`, `test_code`, `age`, `gender`, `min`, `max`, `category_criteria_detail_code`, `type_test`, `test_suggest`, `test_suggest_en`, `status`) VALUES
(1, 'TST01001', 'TST01', 7, 'M', '1.00', '10.00', 'CAT012', '1', '<p>ควรออกกำลังกายมากกว่านี้</p>\r\n', '<p>PLEASE&nbsp;exercise</p>\r\n', 'Y'),
(3, 'TST01002', 'TST01', 7, 'M', '11.00', '20.00', 'CAT012', '1', '<p>sssssss</p>\r\n\r\n<p>sssss</p>\r\n', NULL, 'Y'),
(4, 'TST03003', 'TST03', 19, 'M', '0.00', '11.00', 'CAT012', '1', '<p style=\"text-align:center\"><span style=\"background-color:#ecf0f1\">ทดสอบระบบ</span></p>\r\n\r\n<p style=\"text-align:center\"><span style=\"background-color:#ecf0f1\">กดเดกกดเดกเดกเดก</span></p>\r\n\r\n<p style=\"text-align:center\"><span style=\"background-color:#ecf0f1\">กดเดกเกดเ</span></p>\r\n', '<p>retreretert</p>\r\n', 'Y'),
(5, 'TST03004', 'TST03', 19, 'M', '11.10', '17.20', 'CAT013', '1', '<p style=\"text-align:center\"><span style=\"background-color:#ecf0f1\">ทดสอบระบบ</span></p>\r\n\r\n<p style=\"text-align:center\"><span style=\"background-color:#ecf0f1\">กดเดกกดเดกเดกเดก</span></p>\r\n\r\n<p style=\"text-align:center\"><span style=\"background-color:#ecf0f1\">กดเดกเกดเ</span></p>\r\n', NULL, 'Y'),
(6, 'TST03005', 'TST03', 19, 'M', '17.30', '23.40', 'CAT014', '1', '<p style=\"text-align:center\"><span style=\"background-color:#ecf0f1\">ทดสอบระบบ</span></p>\r\n\r\n<p style=\"text-align:center\"><span style=\"background-color:#ecf0f1\">กดเดกกดเดกเดกเดก</span></p>\r\n\r\n<p style=\"text-align:center\"><span style=\"background-color:#ecf0f1\">กดเดกเกดเ</span></p>\r\n', NULL, 'Y'),
(7, 'TST03006', 'TST03', 19, 'M', '23.50', '29.60', 'CAT015', '1', '<p style=\"text-align:center\"><span style=\"background-color:#ecf0f1\">ทดสอบระบบ</span></p>\r\n\r\n<p style=\"text-align:center\"><span style=\"background-color:#ecf0f1\">กดเดกกดเดกเดกเดก</span></p>\r\n\r\n<p style=\"text-align:center\"><span style=\"background-color:#ecf0f1\">กดเดกเกดเ</span></p>\r\n', NULL, 'Y'),
(8, 'TST04007', 'TST04', 4, 'M', '0.00', '10.74', 'CAT041', '1', '<p>ควรดื่มนมให้มากขึ้น</p>\r\n', NULL, 'Y'),
(9, 'TST04008', 'TST04', 4, 'M', '10.75', '13.92', 'CAT042', '1', '<p>ควรดื่มนมให้มากขึ้น</p>\r\n', NULL, 'Y'),
(10, 'TST05009', 'TST05', 19, 'M', '0.00', '0.58', 'CAT021', '1', '<p><span style=\"font-size:14.0pt\"><span style=\"font-family:&quot;Cordia New&quot;,sans-serif\">พัฒนาได้โดยการฝึกยกน้ำหนักที่เหมาะสม ในท่าที่บริหารกล้ามเนื้อ มือ แขน ไหล่&nbsp; จำนวน 8 &ndash; 12 ครั้ง/เซต&nbsp; วันละ 2 &ndash; 3 เซต </span></span></p>\r\n', '<p><span style=\"font-size:11.0pt\"><span style=\"font-family:&quot;Calibri&quot;,sans-serif\">Enhance hand power by weight training in proper position of hand, arm and shoulder 8</span></span><span style=\"font-size:11.0pt\"><span style=\"font-family:&quot;Angsana New&quot;,serif\"> &ndash; </span></span><span style=\"font-size:11.0pt\"><span style=\"font-family:&quot;Calibri&quot;,sans-serif\">12 repetition</span></span><span style=\"font-size:11.0pt\"><span style=\"font-family:&quot;Angsana New&quot;,serif\">/</span></span><span style=\"font-size:11.0pt\"><span style=\"font-family:&quot;Calibri&quot;,sans-serif\">set, 2 </span></span><span style=\"font-size:11.0pt\"><span style=\"font-family:&quot;Angsana New&quot;,serif\">&ndash; </span></span><span style=\"font-size:11.0pt\"><span style=\"font-family:&quot;Calibri&quot;,sans-serif\">3 sets per day</span></span><span style=\"font-size:11.0pt\"><span style=\"font-family:&quot;Angsana New&quot;,serif\">.</span></span></p>\r\n', 'Y'),
(11, 'TST05010', 'TST05', 19, 'M', '0.59', '0.66', 'CAT022', '1', '<p><span style=\"font-size:14.0pt\">พัฒนาได้โดยการฝึกยกน้ำหนักที่เหมาะสม ในท่าที่บริหารกล้ามเนื้อ มือ แขน ไหล่&nbsp; จำนวน 8 &ndash; 12 ครั้ง/เซต&nbsp; วันละ 2 &ndash; 3 เซต </span></p>\r\n', '<p><span style=\"font-size:11.0pt\"><span style=\"font-family:&quot;Calibri&quot;,sans-serif\">Enhance hand power by weight training in proper position of hand, arm and shoulder 8</span></span><span style=\"font-size:11.0pt\"><span style=\"font-family:&quot;Angsana New&quot;,serif\"> &ndash; </span></span><span style=\"font-size:11.0pt\"><span style=\"font-family:&quot;Calibri&quot;,sans-serif\">12 repetition</span></span><span style=\"font-size:11.0pt\"><span style=\"font-family:&quot;Angsana New&quot;,serif\">/</span></span><span style=\"font-size:11.0pt\"><span style=\"font-family:&quot;Calibri&quot;,sans-serif\">set, 2 </span></span><span style=\"font-size:11.0pt\"><span style=\"font-family:&quot;Angsana New&quot;,serif\">&ndash; </span></span><span style=\"font-size:11.0pt\"><span style=\"font-family:&quot;Calibri&quot;,sans-serif\">3 sets per day</span></span><span style=\"font-size:11.0pt\"><span style=\"font-family:&quot;Angsana New&quot;,serif\">.</span></span></p>\r\n', 'Y'),
(12, 'TST05011', 'TST05', 19, 'M', '0.67', '0.74', 'CAT023', '1', '<p style=\"margin-left:0in; margin-right:0in\"><span style=\"font-size:11pt\"><span style=\"font-family:Calibri,sans-serif\"><span style=\"font-size:14.0pt\"><span style=\"font-family:&quot;Cordia New&quot;,sans-serif\">เพิ่มรูปแบบของการออกกำลังกายกล้ามเนื้อ มือ แขน ไหล ที่หนักขึ้น&nbsp;</span></span></span></span><span style=\"font-size:14.0pt\"><span style=\"font-family:&quot;Cordia New&quot;,sans-serif\">เช่น เพิ่มจำนวนครั้ง เพิ่มจำนวนเซต ลดระยะเวลาพัก เพื่อให้ร่างกายเกิดการพัฒนา</span> </span></p>\r\n', '<p><span style=\"font-size:11.0pt\"><span style=\"font-family:Calibri,sans-serif\">Enhance in each types of exercise of hand, arm , and shoulder muscles by&nbsp; increasing intensity such as adding more repetition , set , and reducing time for muscle development<span style=\"font-family:&quot;Angsana New&quot;,serif\">.</span></span></span></p>\r\n', 'Y'),
(13, 'TST05012', 'TST05', 19, 'M', '0.75', '0.82', 'CAT024', '1', '<p style=\"margin-left:0in; margin-right:0in\"><span style=\"font-size:14.0pt\"><span style=\"font-family:&quot;Cordia New&quot;,sans-serif\">สามารถออกกำลังกายที่ใช้กล้ามเนื้อแขนหรือมือ&nbsp;&nbsp;&nbsp;&nbsp;&nbsp; ในรูปแบบเดิมเป็นประจำเพื่อรักษาสมรรถภาพทางร่างกายที่ดีเอาไว้</span> </span></p>\r\n', '<p><span style=\"font-size:11.0pt\"><span style=\"font-family:Calibri,sans-serif\">Be able to maintain exercise achvities of the same routine program/course using arm and hand muscle to keep healthy physical fitness.</span></span></p>\r\n', 'Y'),
(14, 'TST05013', 'TST05', 19, 'M', '0.83', '1.00', 'CAT025', '1', '<p style=\"margin-left:0in; margin-right:0in\"><span style=\"font-size:14.0pt\">สามารถออกกำลังกายที่ใช้กล้ามเนื้อแขนหรือมือ&nbsp;&nbsp;&nbsp;&nbsp;&nbsp; ในรูปแบบเดิมเป็นประจำเพื่อรักษาสมรรถภาพทางร่างกายที่ดีเอาไว้ </span></p>\r\n', '<p><span style=\"font-size:11.0pt\"><span style=\"font-family:Calibri,sans-serif\">Be able to maintain exercise achvities of the same routine program/course using arm and hand muscle to keep healthy physical fitness.</span></span></p>\r\n', 'Y');

-- --------------------------------------------------------

--
-- Table structure for table `t_module`
--

DROP TABLE IF EXISTS `t_module`;
CREATE TABLE `t_module` (
  `module_id` int(10) UNSIGNED NOT NULL,
  `module_code` varchar(45) NOT NULL,
  `module_name` varchar(150) NOT NULL,
  `module_order` int(10) UNSIGNED DEFAULT NULL,
  `is_active` varchar(1) NOT NULL,
  `module_image` longtext,
  `module_type` varchar(1) NOT NULL,
  `module_icon` varchar(45) DEFAULT NULL,
  `update_date` timestamp NOT NULL DEFAULT CURRENT_TIMESTAMP ON UPDATE CURRENT_TIMESTAMP,
  `user_id_update` int(10) UNSIGNED NOT NULL
) ENGINE=InnoDB DEFAULT CHARSET=utf8;

--
-- Dumping data for table `t_module`
--

INSERT INTO `t_module` (`module_id`, `module_code`, `module_name`, `module_order`, `is_active`, `module_image`, `module_type`, `module_icon`, `update_date`, `user_id_update`) VALUES
(1, 'AMD', 'MANAGEMENT', 9, 'Y', '', '1', ' fa-gears', '2018-08-24 03:45:24', 1),
(2, 'REP', 'รายงาน', 3, 'N', '', '1', ' fa-paste (alias)', '2018-07-22 17:50:44', 1),
(3, 'REP2', 'รายงานตรวจสอบ', 4, 'N', '', '1', 'fa-paste (alias)', '2018-08-24 10:04:53', 1),
(4, 'HME', 'หน้าหลัก', 1, 'Y', '', '1', 'fa-home', '2018-07-11 08:24:39', 1),
(5, 'DMT', 'ข้อมูลหลัก', 1, 'Y', '', '1', 'fa-list-ul', '2018-07-11 08:27:42', 1),
(6, 'PJ', 'กิจกรรม', 3, 'Y', '', '1', 'fa-soccer-ball-o', '2018-07-22 17:48:43', 1),
(7, 'SR', 'จัดเก็บผลการทดสอบ', 6, 'Y', '', '1', 'fa-clipboard', '2018-07-23 16:14:07', 1),
(8, 'REP', 'รายงาน', 5, 'N', '', '1', 'fa-clipboard', '2018-08-22 10:22:45', 1);

-- --------------------------------------------------------

--
-- Table structure for table `t_page`
--

DROP TABLE IF EXISTS `t_page`;
CREATE TABLE `t_page` (
  `page_id` int(10) UNSIGNED NOT NULL,
  `page_code` varchar(6) NOT NULL,
  `page_name` varchar(100) NOT NULL,
  `page_path` varchar(200) NOT NULL,
  `module_id` int(10) UNSIGNED NOT NULL,
  `page_seq` int(10) UNSIGNED NOT NULL,
  `is_active` char(1) NOT NULL,
  `update_date` timestamp NOT NULL DEFAULT CURRENT_TIMESTAMP ON UPDATE CURRENT_TIMESTAMP,
  `user_id_update` int(10) UNSIGNED NOT NULL
) ENGINE=InnoDB DEFAULT CHARSET=utf8;

--
-- Dumping data for table `t_page`
--

INSERT INTO `t_page` (`page_id`, `page_code`, `page_name`, `page_path`, `module_id`, `page_seq`, `is_active`, `update_date`, `user_id_update`) VALUES
(1, 'PAG', 'PAGE', 'pages', 1, 2, 'Y', '2018-02-16 10:39:09', 1),
(2, 'MOD', 'MODULE', 'module', 1, 1, 'Y', '2018-02-16 10:39:09', 1),
(3, 'ROL', 'ROLE', 'role', 1, 3, 'Y', '2018-02-16 10:39:09', 1),
(4, 'USR', 'USER', 'user', 1, 4, 'Y', '2018-02-16 10:39:09', 1),
(5, 'HME', 'หน้าหลัก', 'index', 4, 1, 'Y', '2018-07-11 08:23:33', 1),
(6, 'PFIT21', 'ฐานการทดสอบ', 'PFIT0201', 5, 2, 'Y', '2018-07-16 15:36:54', 1),
(7, 'PFIT01', 'กิจกรรม', 'PFIT0100', 6, 1, 'Y', '2018-07-22 17:58:07', 1),
(8, 'SR', 'จัดเก็บผลการทดสอบ', 'PFIT0101', 7, 1, 'Y', '2018-07-23 16:10:31', 1),
(9, 'REP01', 'รายงาน', 'report01', 3, 1, 'Y', '2018-08-24 10:04:36', 1),
(10, 'PFIT22', 'เกณฑ์การทดสอบ', 'PFIT0202', 5, 3, 'Y', '2018-07-17 07:35:24', 1),
(11, 'PFIT20', 'แปลผลการทดสอบ', 'PFIT0200', 5, 1, 'Y', '2018-08-22 10:23:02', 1);

-- --------------------------------------------------------

--
-- Table structure for table `t_position`
--

DROP TABLE IF EXISTS `t_position`;
CREATE TABLE `t_position` (
  `position_id` int(10) UNSIGNED NOT NULL,
  `position_name` varchar(45) NOT NULL,
  `position_code` varchar(6) NOT NULL,
  `position_desc` varchar(100) DEFAULT NULL,
  `is_active` varchar(1) NOT NULL,
  `update_date` timestamp NOT NULL DEFAULT CURRENT_TIMESTAMP ON UPDATE CURRENT_TIMESTAMP,
  `user_id_update` int(10) UNSIGNED NOT NULL
) ENGINE=InnoDB DEFAULT CHARSET=utf8;

--
-- Dumping data for table `t_position`
--

INSERT INTO `t_position` (`position_id`, `position_name`, `position_code`, `position_desc`, `is_active`, `update_date`, `user_id_update`) VALUES
(1, 'SALE', 'SE', 'พนักงานขาย', 'Y', '2018-02-16 10:34:14', 1),
(2, 'Educator', 'ED', 'ผู้ฝึกสอน Fitness', 'Y', '2018-04-18 12:15:50', 2),
(3, 'STAFF', 'ST', 'พนักงานต้อนรับ', 'Y', '2018-04-12 07:40:39', 2),
(4, 'HOUSEKEEPER', 'HK', 'HOUSEKEEPER', 'Y', '2018-04-17 05:08:20', 2),
(5, 'OFFICE', 'OF', 'OFFICE ', 'Y', '2018-04-17 04:11:40', 2),
(6, 'MANAGER', 'MA', 'MANAGER', 'Y', '2018-05-01 03:13:17', 7);

-- --------------------------------------------------------

--
-- Table structure for table `t_role`
--

DROP TABLE IF EXISTS `t_role`;
CREATE TABLE `t_role` (
  `role_id` int(10) UNSIGNED NOT NULL,
  `role_name` varchar(45) NOT NULL,
  `role_desc` varchar(45) NOT NULL,
  `role_code` varchar(5) NOT NULL,
  `is_active` varchar(1) NOT NULL,
  `page_list` varchar(250) NOT NULL,
  `update_date` timestamp NOT NULL DEFAULT CURRENT_TIMESTAMP ON UPDATE CURRENT_TIMESTAMP,
  `user_id_update` int(10) UNSIGNED NOT NULL,
  `role_access` varchar(20) DEFAULT NULL
) ENGINE=InnoDB DEFAULT CHARSET=utf8;

--
-- Dumping data for table `t_role`
--

INSERT INTO `t_role` (`role_id`, `role_name`, `role_desc`, `role_code`, `is_active`, `page_list`, `update_date`, `user_id_update`, `role_access`) VALUES
(1, 'ผู้ดูแลระบบ', 'Admin', 'ADM', 'Y', ',4,9,5,10,6,11,7,8', '2018-07-23 16:14:55', 1, 'ALL'),
(5, 'ผู้ดูแลระบบสูงสุด', 'Super Admin', 'SADM', 'Y', ',1,2,3,4,9,5,10,6,11,7,8', '2018-08-22 10:23:17', 1, 'ALL'),
(6, 'เจ้าหน้าที่', 'Official', 'OFFIC', 'Y', ',7,8', '2018-08-24 07:06:47', 1, 'V');

-- --------------------------------------------------------

--
-- Table structure for table `t_user`
--

DROP TABLE IF EXISTS `t_user`;
CREATE TABLE `t_user` (
  `user_id` int(10) UNSIGNED NOT NULL,
  `user_login` varchar(45) NOT NULL,
  `user_password` varchar(100) NOT NULL,
  `user_name` varchar(45) NOT NULL,
  `is_active` char(1) NOT NULL,
  `role_list` varchar(45) NOT NULL,
  `user_img` longtext,
  `update_date` timestamp NOT NULL DEFAULT CURRENT_TIMESTAMP ON UPDATE CURRENT_TIMESTAMP,
  `user_id_update` int(10) UNSIGNED NOT NULL,
  `note1` varchar(45) DEFAULT NULL,
  `note2` varchar(45) DEFAULT NULL
) ENGINE=InnoDB DEFAULT CHARSET=utf8;

--
-- Dumping data for table `t_user`
--

INSERT INTO `t_user` (`user_id`, `user_login`, `user_password`, `user_name`, `is_active`, `role_list`, `user_img`, `update_date`, `user_id_update`, `note1`, `note2`) VALUES
(1, 'admin', 'bed128365216c019988915ed3add75fb', 'administrator', 'Y', ',1,5', 'data:image/png;base64,iVBORw0KGgoAAAANSUhEUgAAAIAAAACACAYAAADDPmHLAAAACXBIWXMAAA7EAAAOxAGVKw4bAAAgAElEQVR4nOy9eZBl133f9z3LXd99+9Kvl+lpzPQsGAwG4GAwAAESIkGKokQtpBaCssMwSmwpLsdWKVUu2UmlYpUqlcixE0m0LEqyJDNaQlEiSEriBmITCIADENsAs/b09PS+vH77u/s9S/7oIWhKAAECDmaa1Leq/+jue2+d87uf8zvn9zvLBf5ef6+/1/evyLUuwFutc5+6jQNZEwgOutOz8zN3fWX5WpfpWope6wK8lVqavx+0OuXBZXdpI/iVTHTeda3LdK31fQUA0VuUupYLm++TxD8ikuGhcHTRjkYXr3XRrpn4tS7AW6nRpa9RkbZLSiRvy8LY1UQd7K58tQlgGYC61uW7Fvq+8gD5RrXg5NlJotdOckuZlA2OpYMvHzeN0E7889e6eNdE3zcADNae5uHm5X3x9vJ9cjSYYjGh8IfTorf2w2n30lRv/pPfV97wm/q+AaA1/yUv6naPBVvr70gH4DKgyIbCjtvddwSbC4dHm6v25ad+91oX8y3XrqP+2We+geGwT4eDvh0GvvrZ/+rn4te6Z+7r/4l25z4/FXX9u6Ne6hHDgiM1BAEwGk0bfucHzHzhgp2eX9w++8m0ftPH3oKaXB/aVQBcunQJS1cWeL/XaQyH3cNKyuFn7/+LMwCJP/STP/Wq96n+qjfqdY61+/FdG9kkUsnBEw3pcFAl3XKc/mhTJ8+X6LAdtDt9fB8NCHdVFzA/d4F2O53aaOTfG4bhL2RZ9nNhGM5SSsyHH3rgFe/ZfPo/cDJanQqT5La5lE49XLgFDzpH8SV6BF+mR/Fg7hY8G/CDnSB9D1Q8y3jijjaf21V2eTPaNR6g19vCIw8+YodReDiKk48pRe4CIXEYRSuOY/9BmiZtvELLTYKwoIZrR5I4OLwoi+ZLSQkkSQFoUEVBlYmUjOOmcHiCJr0PZEF7COj5V3rW96J2DekEBJZt2YRgn5TyhGF5riZGJY7jO9IsrSRp8op1iUdBKR30jtBgcESmmiedCGk3AhEKOsyQtiMkLAcRbM+mnfUfHa3M1aSSb3X1rpl2jQcACLUtixuc2UQLroRGlkpl2WbXcaw0n8+94l1GcWoYZFlfg1DDNWk+74ArA4ZrQEkFIQADGq3Ysfu60KehGiYiE29x5a6Zdo0HKJXranVtyQ/D4TnL5s+UynlVKudbnJJHTMNsV6v1V3TZ7uTh7sPqyAsPsRPnLopKajINJgH/fB+ym8DJM/i2ja86h/AV+/hXnync1Rqbvvutrt41064BAAD2Ts+EJaP9YsVs/VGRrrf21PH4nun6k1pF/i23nHhFAJqzd6vh+B3tter+xU07L9Iow3A7QhgIhP0MqS8QJAoJd+Nt7q723Vr4VtfrWmoXdQE7YmJTAAiFpr5h6XB8al/6WvdMeOXW6b4+79pGLDhxhStBIgnNAK0A6lKM54sLmmWLy4PV18wrfC9pVwHwxQvzVKWTrhKjklT9uJAO4jvG9Gv2116O+0Qnm57W8SiMoMFhuBzEohCpBJcpGhNjyzW34Ndzxb/jSXrtS9CE0Ep19nsuMthVXUAQh+ZqJPa95IsPPNCPpr82iI/+9bnnp861W/Ti0quv69g7LnCbu6Jupqsi7/chUw0iNYgGdCaxN1nD2+yt/p3lXvqB/UUadBZevnf5yvN00F8pDXsLjStzX7bfinq+ldpVHsC0OSglAhyCWtQbyOjwdjw4to9Nzi111n38rdh968Lv2qPFB2b02r8/8oFa652nVeYt+PvBmQmeETCXg9kMe7IA+/XpfXuD5Efp2RfnlucfeSbe+uy6PfYhpbQ0/aA9JUXU1Cp7AcD3VBexqwAoFfNKjsLUBo0nqEEHqSxxmr1toIYPvjRY8L953epT9/PFM1+ZOv/V+09Yxujt1IwODuJstjuiXporwHFNkIyCmhQwGfq9Ms7Or83GeXnfeK63yrLu0bDTemD7zB+f8dWAxlF7Ik38fVKmc9ey/v9/aFcB4PEctCbIi0x5OsO6prQtVTPOEnsQBxTf9ADcAOGWUIoOpeSX/LhgXxm4B+dCxmU5B8cmkJyBUgKDE1CziiudpJTBMy1TzjVo0iLMFtCAlDHPUr+QJP2KlOmustfr0a6qkE0tJZXsQ8uLntbd9WFU0Uq1DcFjl7oKAD59+kE8lsZ2MHlrKSpPm2mwTWVroxAkfY9qhf1phFSnEBrgFHAlRZ5xmPkq1Ua+tGRUXH+smdJis/BCx5hqMJ86qWhImZYZJWYYLMHN7b3Wpvgvpl0FQCVfEvmAtzV1TiW+/0Miie7K59TGHjMXzpTH8clnv8Rf2Lh05OL20juCLH6bpqTpalmbZHS65hiNUiZpSQpwnUISgowZ8IiGyzS8iglius22Zf7IM+HwYDvo94VQfklpcdwQU7Ou6tYLJTPLxLc8zfeAdhUAP/vD78XjD/ymGHbjcDPaChtegOaksg6WJa9bMZ7bWm9c6qze1woHHw6zeEZScJNRUJOgRA2UYgmuAc8kAKPwQWFrhZKhIA0HgVXk60LOLEX9maESgKZIhVZrqRBNyh9tlgwzjr638kS7CgAAGIY+HYnEHRJdoo5CwdMuIYInaYS2P7x1tbf9Pj9LZgglnDMOQSk2CANnEod4gmmkqJsajDOkMkWWKTBuo2U4uKIVLosMkSZgmkNKhUwqKojkWpMCIWiO+pc4gNdMPu0W7ToA/MxVG0k8vJC6myuionqBFR4Mibi93rTj5KX3ZImYzmLJKaWgRIFxihjAArXQ5wS+CHAkCVEQGWKpMYKNVNlYyYBzMkBXA1JryERBxBImNJSjKYGYUungbhWvPwdg/Vrb4b+UdlUiCAAqMyfSNV5bv5A5c5e1p9Z5jg9NG8SfP1jX7bsmTFGypYQYpMiGKVQiQaWGAkGbWzht5nGa5bFOHXSUjYGRw7wy8GKq0M0ktNZQsUTSS5H0UqhQAEKBqbSh4u17s2D7zqB3Ztc1nFfTrqsIh4lRFKeJELEkSoGhohlxN3qXPnTc2drXrAfms9TB2Yhi2JbIMg2VN6AJgQLQIkAIGyMC3EIDDMIE5zVDz1A78wJUI25FiHspbJuhYjNUiYKpMzOLo8O99up99eH2KXyPeIFdB8D2cEAt03SZxUpagYciOtwKuse+2Gu/b1qJwrQe4HYWAk4BLw44umshJCfQnIJwAsopYFHYVYmaEeKFDsGWMBHJDEpomAZBOsjAGcHeisZthQD7DIk041iKRSFT28fp+sKJC1tLf314bO+ujwZ2HQCLG2s0GIWuiEWBctB2MjwatJL/eRiKgy+Qsrk/YTiS9DAuUrWRM+BzDmkRapRM8ByHwQkmkOIObwQjJghtG67ngAmFJJBgRIMaDJUcxa21EY7SHlhiYD2r4rTMo0WNxtmly/f9ZO3Wxz/94kPdDx97z7U2yZvSrgPAtR2YpgFKCSA0kkyU/CA5PlwNKSEUYd3FgOZaBwulUxWXqM14cDwx1LTlcVCLQoQSvlRYkxHUUGAtJIgMBbNowCyYyEKBZJSpHCPKFSY2hh4dhoTKAtAhBBsu97YG2/foMw///D37j/9bALt69dCuA4CBKKq1oloLKA2daiADzVVtaKXBLRYL5p2ShfHfjnv9ClOjBuNqSmlFdaJBKZDLmzBCA1swkZUcpLECTAXGCZTUquGWFg66tQcpU/GZeOVOQ/aPFjLpBmFKJTEocWnzud6Vj+0djM8/ffmFzwFEnNx/y7U2zRvSrgNgz9iYOtdeHkLoNhFaiFhwpQCnbABSqQKx5qYLY589sefoc8tbX5u1wJczJY/JTHlaAVaOI0s1BhFHh5ggeRN0kEKlEtAUUijhOc4cDOfPx+r1MyJUd9mKfmyYDe7NwrQQawaXO1wyOfM3K6f/sRRqDsA57FJPsOvCwLxlqXavFzKBDZYSPx2kYFpDBilyKV8co4U/KVP30Wa+1j60Z7Llec4ioXSohIZKFUQooBKFgBpoWQ5SoaAyCZkoQGlooUCkSgkQzuw90r7r6I1P3zCe/xuTsBbzAT0QoIxAAWY3CY4/07r0fsaY99ilZ3edLYFdCIDFGAgQl11v1eK8RYUA4gxWQFtNXvrTuln8S1uz1feeuFPNjk+0bdu4TAXaSS9V6SCFCgSMVCJUFH1wSKWhMoWkG0OmCobBRN5zFvfVx7vvO3aHGq9WUsYQFkxX7C+Po+bkQEwCrTVNpKj4aXTI5ZYHfa0t88a06wC447bbsbdWF5Pl8qIt9GLWi1UuM5ar1PtPVSP/55OlxsK//ugvCgAYK5T8ou0ue9xc5ZSkZo7B8RiKVGOUAjElYAaF5Rng1s4CQc+0+pZlnJ9tTrYAQCpAKk1t00KjUkGu6AAEUNAgIIJp6kdpGlO9O0/b2XUAAMB0tSFqbmGxRJ0/L8H94wrzPl63Cn9U5N7cB4//4Mt5+ppbFtOF2nrOsBaZQWJuUjgUyKsMXUmRKQ3sDBxhFU1oBlTt/HLOsOcnqw0fADjn4JQBABVEQ1iABoFWWjFC/SJ3llqjbsg125U5gV0JwFiuoorc7U7ma1/eU2h8fNypfqqZq86Nl2vx4X0zL1935+Hb4DF7SBi2mM1igxGU4xQ6iNGXgIwEhJ9BSw3uMBATKOfz62P5cney0hQAMBq2XNNASarQbg02EdMMRAPQGgZof8atL3MJcefhv48C3jJ96Ifejz/9y8+J8UptfW2zs8kNriil6p//zEe/7bq1Zz9P/3xlheaoZiWmUJQZxsMAm5GGyFFYUoBRQBEKbVBQTcEYAaEazVINjz//dfOJU5+ZSeK1W3qjfqkdcVCjDoMwEKpFDmRxf6F5Abs0AgB2KQAA8A9+/IPAzsKMV3S9iy8+SrP1hwtH082j3OseXYPviW4GP5QIjQJKhoJLJTyaItUcvjAxSiTS7XazP8hqv/+ZT7pL/Y3SlcHwSKvdO+wnYSHKezAtDQmlGCXDOrOfu7lxw8LO7oLdqV0LwHfSk1/4TTq68ljJCi6fGM/WP1QxR3f6tcxd5xRz3IRtGmBZjEkjQw0JAnD0iIk2UbDjYGZcFn/AjCTOrFi1rSS+Y9NPG5HUsCoMHjJAM8GU1drvNb928uhtu3qFyPcMABvrz9PulSu8d/GcGT3xTM2spceN3PaHXHTvzWdRs+YSOj5Gsb+ZoZWmkKsUB8wEJUegrxgilyBhFGnYb1AR/nQvEcdkYHhxMjgstagRqkF1BjsZgXA3dkjhwq2NQ89d63q/We0aAJae/gIlKjANuY3i2IHYnX0fAGD90lPozX3RPftr/0eluBeNnKuaIukdS1eCd+t6clxaopZmBKYDuJ4CbA1ZBQKbgEsJ21SwM8CmAJcEnGY8VcmsmQxmZhOTjyjjwmXocxuEaOhBIJhDu9OV2kM3js9uXmOzvGntGgCUSGyd9KazYKUgWo8tz/31L4fDQNELv/1v3dpBfpTLrbvFqn/E2aOatp1NJ6tJI0q1LfMUEgQAgdRA0AVIToNRAFJDaYAKBfgE6ZAgTjU0JK+QEX8HZZjSBp6ObbxkE2xLE/5ApcVROn/bkYMPHj58464d/H1TuwaAxN+g2eDKPh1vfpTx/qKB1iVbwQ3QPyQWWscr5XTWX8gqmQVuFQnQJIjaBEICxQkglwNGfSDtKrhVCploGBagsfNDGUCoQuYDhgfICNBdgelUoqAzTAYZTqmCWizmu1Ok+dV9xamF1yrzbtCuAODMpz+JzsLXFdKeyWXvhEWuvL9UWQxdorkxrt3Os9KtHCbUmwQGawScMFg1IEo10hEArcFMwHAIinUCFgGZIKAOAA1QChgUsCoaRBNEW0C0TWDkAHsSKA0kjrZ8TBVVvNionEnYDf/PvvjxXd/6gV0CgAaAdHiMhd1/ytcWZror4LgVJaNJQHMEapxj8XmgelyDWoDZl/BqFMYE4C9oDNeANCVgDKjMEHR9DUAhU0AiKfwBILcA1deQQwXtUtgzgFUjCDd3PIc7DdwyG9m3suVpUf6Rg1q3Wvge2B+wKxLYL/zBvzuYPP/wP6O9M/9D+YiD3rzCqK2hE0AHGixTQAYQBkiTILEIaJXArRMoAWQJgakB3pXgTQZ2gAGGQsHSMAyg26ZI1jUEIRhVLbhFoCQy0HWBuK2hyoA5SZC0NbLzUngVazl/7z2/tvG14V8c/aX7+gBR1aM/fq3N9IZ03QOw/OJj2Pj8v3mvvNz6VTW3eacxacFpUlBj5/8qI1ASINDQGtAECIca0YoCAg1eJ7BmOawmxXBAsLlEUNujUNuj4RoKpqERZxRByvDoII+HwjKoJLh12MdxMcRkPYNTJ1BDjWRRwsoDZgViMMc22cT0X+95p/dJ5pbnCTO69R/8nV3nEa77LoBwk1MZVmgtqxFuQvY0okW5k4+H3pmYoWQnRNMESgMi3VkpRBwgN0ZRnwJYSWG7YOExu4RKqjAbJFCMgHCNCS/FcwMHp0YeOpohIRxBoYzMZrjTGKC6moBuK7g5ApIDRmcV9xpiwtuz8hGE7q0K0Z9pp3H/xsP/fH383t/cVWOD6x4AapgIl2nKEpLaTMEcM0AJdg53UBpKECi10/oJITs+LSGQqQJ8Bd1TUAGBXaHgJkHPsfBcYOOZgUCmKSpeinun+jjdyWOVOMg0gSIEbWLiaVFEGBCcGA1wwItAbYVwDchNAZWbCOW2LDE1vFUlwiUGVcwyPzd86lfWC3f8r7sGguseAEKZoMWJVd1KzsSt7mE+zCg1GCjbCd2k/ubcPEDZVY+QaGgKqAJFWqCINIHygUxrcCkxkgwBKJQmYFIhjgksIVGn6Q5ZKZAqipQRnFUefI+hhxEOjHw0PIHyjQRmjgAaCCNiB534cGq3/mEIXVIO+9zTn/uNuZMf/MVdcZDEdQ/AxP5b8I1//68XYPqfhZc0lAxPRFHqEUp2IKCAUjvjAKU1lCbIJBC7BKJMEY9TpBrgGxqxq3CY+rAdiZgyyKFGrZfC28xwsxrhAAgY1yByByzf5uhQA53EwOOihLZr4AMTPbh5gTQDOj7F9ogi3FQmyfvHrLGxluGyR43rfmT1LV33AABA4fjRvigNT4UDNh32N2b8bsdjhID2NFgBQJ4iTRTCgYYUBNzWIDYB8ShkjiBgV38XCge2fUzUEyQuA0kVzJGEE2p4pgDpSnAO0CqFYoBIgVAxbDAL84mDS9zFi1xgT9TH6pChO6JIRgRpRkDizNZS1igRNrf0rllncd0D0Fp8AaH/hNdja4dHw9Xb01HsiRqF0gBhBKRIwBKFiBAkBgczKGABxNWg0GBag/KdsQFjgJtXsFQKtQVQjwJFIOsr6IiAeQC3AQIFaMBigEs1CkSjKIHlxMJWl2FeUgyGBIJQsEyDlQi0xyG6rZlkOfmJUS5oX37mU2f2n/jIdb+L+LoHoD96zO2vPXU8jDd/LhH+j0Jwm5ESaKwgSwLKzqCjDJYWqNRSMHAIzZFpBpHRnc2eoQLJFEge0BUKBBpINOABxCCg/GokYQHIEeiRAhEATAZOKHIaqNkh9vMROinQChmsGOBlE4pboIwBpoIahM1E9z4MZvprX38knL//E3OzP/nfX9eh4XUNwPqVz9K15b+aGW2u/VgyFPeaY0dt7+ANMEgBepQhIh34w2VE9gaahU3M7O2DaI0kMBEFNoLQRpCYiGIKKSl0qkF9DeYQYIKAJhpkoMHyFHAJaFtBDwDKGDgHHKaQcxLknQQ5LwLlKbo9AxfXmzDLTThTM+DFSTBpA1oiq3cRDOZrcq3/4/Hy6pW2W2wDaF9rO34nXdcADDfnS1G3dVcyEPeSaLJUn30vxg6dgOUUkMYBom4LvZU5rF94EsUy4NUVLHMEiCGytI/It+D3XAz6HoaxjTBhkIEGuAZTGsSm0A5AAg1CAXAKLggcQ6HoJSiXfOTLAUw3BTUIoE0obsBYK8CcOo7mgbuQq0zA9grgpoU46KF1+QWsrX52Jop670Z3/cXLT/5Vf/9dP3bdhoXsWhfg1fTEf/wlOxls3BJ2Oz9FSPXOQv02xyvUQSmDlgoiiWGYDrzKGKLhEF5xD4iogtqT0JqCkBB2LoBXDOHlIzhcgUqGhJoQiu7kCCwABoAUIDED5xTlXIaJxhBjUx0U6kMwUyOTZSTqAOLoEEabVUSYhF2YxdjMEYgkgkoTUM4AqWBaBfSH6zSINrjWyaKVb8z/zqe+FF1re76arlsPoI1gwm8v3ysSdaIyc5M7eeM74LfX0Fu5jNLUAbjlOpx8GUF/BdpRUMkkgjUH9viNSKKzyLp/A9tagON14JZGsPMJvHIIZ7WCre08fNeACiXIUIO4HK6hUckHGJvqIF/xAUqRZA0E/XGkyX6Y9dsBVUR44WuwDo1DmwkK49NIRgOE/TZ6y/PQSiJXaSJfHaexb9YIiw4Fw8UagO61tuer6boEYPnxT9PVzT/ZR3XvNlNUp/Pje3l99mZU9h5GPOzBKdZg54sAIdicfxzMZBBnLoGmDAQTiDcHSLpvhxw/jiw+C0s9CzvXRb4ygmmncPIJttbr6Ic2NFXwaILx8T4q433YXgyRuRj19iI17oEi+6D6KYjVhFEsgvQCuKaDLCfhFKvIVceQjycx2loFoQxudQxRuIqUOabUfomgV2gvz6E2ffBam/UVdd0B0F2/jNZLDxe4k83aPJum2rIdrwDKTZhuAU6x+vK1SitEm2toTB6Bbl9GfuoAmG1DzC+CEgN07AiiYBphMo6cehaeew5WLkFjTxuuJ7C13ISQEmNTmyjVfTBDIAwbiPR7EAX7wcgU7FwZgqxBt9swZvbCuvskyGQNvcEZJNEATr4Kw86hMn0AAKA1AEFABhUTgkxIWzaXz32B4zpdOn5dAbB4+uOQWWS2N5ZO6uTAD9P0hlkwm2ZlCSkzcHzrrGatFZJRF2l/C7nxGzCsGCgfmQWnDsxaA8R2oPsj6LVt2LPvhCzfi41Lv43G+Cm4+QzFWge2G4AQDSuXAFKh12piJH4a5Rs/AjpYRnD6NPThQ7CP3QQVRSDlAtSBcaTREKIXwW8twclfBZLs5H7CYQvR1gbs9YJJcs0jqWe9O+gtzT/30D+6UGO3Y/pdv3AtTPuqut4yVt6Fx37rR5xy9V/tueUD75t0j3r5FoHY7qC3dvFq89qRlhLDhTOQvQGSUQd+sILO5kUokyH/znch//a7YFSq4F4e1HYgFxLEZ29BB/8S25vj0NBw8hFsL0YaMWwP3we993cgv8GRnV+Fc/AwvNtPwp6aRvHYbSi+/W4E6QDt5XPI4gi2W8Jw6RxACEAICCHQSqJ15TRsw0NBurSQy00Vmvq/Nu2FXwZwAtefva8fD3DxyV/l/fZT95jF4S/mK4dP5hsNO90agnIGWavD76whrE/D8srI4hHisI3W5SdBi3loRkG5CZn6gEnhzc5CKwVkCXi9CkiF8OxZmBlQ3PdhrH9lC/HoYdSm1iF1Ga35WTiT96EyfRIj7+vI2hvwbr0F+TvfDsIouOsijX2Eoz6kVCCMwCo2MVi/jDTyYVguQAj6W1cgkwjlI7dBFqagDA3D7VbSuHNXtrV5ccDWVwFcVyuJr5sw8B998J7pNBj9j17xwDsqk3fnDa8J2BbsyWnkpvZCygTD7RUwTrHy0uexvfYXGEVfh1M7BLd0A3KVcYwfugNuoQHKdo6QoY4Ds1ID4cZO2Firgdk5DL/wGPi+dyMmdWjvfZBb+5HNb8M7cBiq5ILX63Cm9sKuN2A4ORDOQJkB03ZBGYNIQ9jFMjrLj4E4GiLNAFB0Vy/CdDzk61PwZYh+0IPpNki+eMiCqqhU6Cv/5L/9idVP/PEXr5vPkl0XAKzOv+CqjH4sV5z96eqed9S5UyP9rUWkIoDbmECu0oTMUvTW55AFXWy9cD+gL8MohBCxi8rknahN3wy3MAbGTQBAlvhIYx+gBMxxwYsl8MYYsvYWwmefR+VdPwEZlGHaB0CkhWxtDYWbj8HZtx9GvQHNAQ11FSYGQikMy4VTqMKwbCjto9//MjI1h+7cWcgUyJIEXm0KTqGKQa+FXnsNhu2hPHGA5yqTeWrnLKnk5i/87Ps3P/HHf3VdpIiviy5guH7p3tqem+5zC9UmMy3aby0h6G2AmzakzABKwQ0bMo3Q2boINeiCKgPwAaFHMG62YefKIIQiS2NkSQC/vYKguwGnUENp/CDcPXsh0wSQGbyTd8CuTyB45jlkPoV79CZoAtB8HmaxiiQaobt2EYBGcewGOIUaKN3xAk6+Ci1jtBcfh5FlQHsA3fYxkgXw2mFAa6RJgjRNgavlSdKY5kv1Bhh/n5CJMDjtArguvj3wpgGI4pgTAkVAlGVZ3/X9S099pkm8sY/ma5OHueWYYW8TfmcVSTiESGNEww5ypSaYaYFyjuHmZXChIEMOEmoYJRumlQNlHMFwG8OtJSRBD4nfg5IZTLcASilAgUxE4GMNVH/w/TBrNTDPAwA4k3thVGrg5Qoo46CUIY0jhP1NxKMerFwRtldGsT4Nw86BMRMqCMEHBsBM0Ewh7q6CGSVAK0RBH/GoDZUMEfYS9DmH7XjcLdYnVBbf21p44TTeIABZlkFqRYWU3HPcNz3b+IYBeP7KRUoIKr/66d8++cO3vfOx4/tvCvEGlklHUXJsbO/EccPJ2SpLEfQ2MWotY7S9BNPJQ4zNQGsNw/bglhoQSQimJJRkgNIw3TKY5YAQiqC7ifbii0j8LkAovOokrFwZhHHEfgdBbwuliYPg5QYADe/W4yAAzGIJZrkCyhiSoA8QCidfxWh7GdtXTgOEoNS8AU6+AsPOgXILudIUImECkkIpIA76MCJ/p6swLRCZIOysQIkUWqQo1vcgV6hyp1hvEsrvAPCJN2J3Qgg+8cU/s5MsPfnFZx9b/pHb7nlTG1TeUFhy/1MP8kde+vr0z/36L/98KtIT8xtLOx3mG1Cm9GwajQrbV16kWRoChCANBhhtXkEa9MC4AbQuLd0AACAASURBVMY5DMtBoT6DQnMWqVRQSkBIBW0WQagJgIBxE7HfQ3/9EvztFQAElluEFCnCQRtaKRiWDXCKNIvBJsbAJsYgtQDhHKAUfm8D0agNy/FAmYHB1hJ6K+cQDa9O6hEKZjpw6jOItQ0hMiitkCYx7EIVhpOHk6/AdvPIgh6CzipUFkErgVG/hd72upmJtPnUw7//hmzPOYfJDUoJaf6rT/6fv/RbX/iTI3/41fv5A8+deiOP++4B+MMH7+en5p5sPnz+ix/2s85HNeTcmeWLac5x3lABtMpqQqQ86G9BSQm3NAa33ISdr8ItjcPJ18CYCUo5vOoUJo7eC6u2D5lUEGYRAia03tnglSuNwbBySII+stgHNyxwy0UW+UjDEZxCHQBBGvnobsyj111Br7uMQWcVMksAEGitEQ070NAwHe9qKQlsrwLDcr8Z9gPEQMJKSKmNTAgY+QZqe4/ByVfBDRuGW4LpVeFV96A8MQvTyWHY28KwswkpsjeVD5io1GOh0nOJCt/1+Rf+7J8sdRb2bQ42eHfgv/bNf0vfVRfwc7/+K/RrF75eCcTWPYPkyn2T9VpoGOoUdpZPvCFJkRqG7WGUrSAedeFVxtE8eBJuuQknX0GuMg7CdoIV0ymgOnMMo607sH12CLM2iywTiP0u3FIDVq6A2t6jCAdb4KaNXGUcjJuIRh1IKWB7ZQCAVgJZNEQ4aAFagNsuVEWAADCcPKJhB5bWKNT3oL7vFmilUNlzI7jlAlojSyL43S0YxQkYrIG0fQnVG06gMnUEhr1zYFi+OoGpm38A3LBRHd8HTQiiYASllSBSDu+49xfecBTwwbe/V/zMv/vvFm6+YebMfPeJn77YKi1t9DufXt7urPeDkSjl8q/7Wa8bgF/51H+g51euVAajjZOSr99nOf7MbOXWv7B4vos3sUUqS7NAywyj9gostwCvOonK1CGUx/cDhIAyvrPUWwOEEnDbQ646jaBxEO7EEfQ3l9BZPg87X0WuPIbG/ltBGIMUyVV4OJTcOQaeMg5CKEzHQ7l5A5xcAUopuIX6TvhIACUyKCnAOEdxbAbMMKGUQrG+B5RxiCzGaHsZ/a1FuNVJeMUqRoSgNH0L7EIdlDFoDVSae1GsTYJQBkIIBp11SJGCUiq0Vm86GXRs74EUwEPb2RM/2Ynmf2q7l7ZGQfbgv7n/91r4LuYdXhcAj5x+Dl8+/SUvlr1jftr5h6bRuccyCS+63unjNxx/U8ufGWVdJTJhmDYYN6DVTkukxk6/DgDfOoNPg1AGszAGqz4Lu9iANeqhu3YBhpND8+BJWG4RpeYNiMMRCOXQWl198QRKptDagpYKplOE6eQBkJ04n+145XjYBiUU3HTAuAnbK4MxDtPOQYkUo+1VbF16BknQR2nqIHLlJrJoCKcyCWbYAAgIARg3X85JyCwBtIJlmmDcEIIZwzdjMwAwOVcAXnQML2VG79atvv0xg/EwH/BHf+8r93f/8Q/95OtqlK8LgOcXT5v9aHs6Ue0PJGi9t+xFBQavG8Tp8sGJmTeV0LDdfBx0N1Ti9xH1Wwi8MihlMGwPhH4rT6WVhMhiEEJRbO5D5PdBGYVXncBwawlbC6fBTAdj+2+FYXsIhz2EgzYM0wE3bTDGkUQ7UPS3riD2+9BKgHITlptHoTENSfnV7mQMhu0iCfoIh23YXgWW1ggHLWxcehqD1gq86jhKY/tAiUa+sQ9uaXzHW72ChMyQRiPEQR+UUFNm6cS5B36XH3nfz7/hrnNha0UB2HSMYtsu9KY3Wu2TiTbXwyy3uT5Yeq7T98NqyXvN57wmAA8+/w187tnPuL1o/Zhi3XtzOb9WKlAVB2YaJsIve7k3VIEXv/QJAMRUwC3RoG0n4QjD1hIYN2C6BXAr920bF9M4QDBsw3LyMN0i7FwRIo1R3XszNDEw6m6ideU0DMuBU6wjGrQAAshyA6blwnRySIIBmGFj0FpFFPSgtYJhOi9P5Azbq6CMwy01wAwbIt1CNNiGzFIQaHRWzmGwuYRcbQ8aNxxFsTGD3uoFFOrTcArVnbMGtN7ZofSfSWYZ4nCENAxgGKZr5IrHE397GsAbCuG2B108evZJ+pmnvpBaVi7M2QTlYuKprPuuSLqn2763/I35s6t4HV3zawLQD0bcczHRSYK3a9E77FkUlqmQRYDNHX5xfaGZs53NlxYviZtnDrzuSmgNDugj+cr4u9xi3a3OHKWGacN087BzFRDyrYGyyGKEow7ScAivPAbGDDiFKjrL51BszmD65h9Ae20e7Sunsb14BsWxaUgprnoRCm45MNwiYr8HQg3U9t4EaLkzi0c5bDcP03ax0XoKdr4MfhUKbtrQWiIatJBFI/S3rsCrTaF58HYUG3sQj3rI4hCFsRtAGYc/6sG0HJiWDULYyyCYtov6nkMoNaZBCeUi9ifmT33+3tVzDy9MHbn3ddsMANqDHs6uXOaM2rUjU4fMi9sbyjA0ci5BGA0nDDN4O2HR02dWLrbwOj5z+6rhyMX1K3hm/hyemn+WD6PePtPMjjtuZDNKYJkaChkHUv7wmac+stlvH26PeuZDLz71uipx/qmvQGpwqfQ95Yl90+Xx/by+9yiK4/uRK43vjLYJgZICSmQI+9vor18GtL6a9TNQHLsBlldBZ/k8uGFi8sBtqM/cBCkluqtziEd9cDMHEIrY7yKNRkiTBFsLzyMNe+iuXUJvdQ4qDcFNG4RycMPc+fv6PLI0gmG6oNTAqLuO/tZlOMU6pm66G5WJA9BKY7C5CMMtIlduglCGcNhD0G8j8AfI0hha7Qw+uWEhV6ihVJ9CvjoOrzrhucXGj0mRfVcfo/7U176Iy5srfG5jaerxC8//N3nbcaVKTcsEOCPIOZJqGt7a9jf2fWPh6/bpxTk8+OJ3zg98Bw+gKQDvyPRU6SvnH5sF7x8uuBSjALAMTTVJXMqku7c+sfkv/+jXf+P22Zv+2Uff9WNzeB0jUEJA3eq0R6Bvay+eLbSu/BlNYh92voI9R9+B2p4boaVAb/0SsiREmkSIBtvwKuMvtypmOpi66R2YP/V5tBfPYmz2OPYcuRvViQNYfO7LkEkE087BtFzEQR9KSQAS3DCRxgEGW1dgmDaKzZmXR+qliYPot1bAbRem5UIZCpZbgExC2F4Ze29+N5xCFSKN0V29iDQaYe/b3gO2s5sEUgoImWLY3YASCSpjMyg19oBQhjQOsL0yh+2lc1BKma5XPZYMuicBPPa6CdCg/9v9vzuVyexf7Kk01UObT/jMHtQsC+Bcw+AMQvSmbe7edNuhQy9gp4v5Ox/Vfl0AfObUw9Oc0JOUCW6Z6WQMv2QYBJxpcK7BjJQWHK952/6bH94cXfnfg6z50S8898DHW/3heqNU+M4AJANKmNGkTn5qsLFgmrk8KtOHUKjvQbm5D9AS3bUL6G9egZISSgqYdg62V76a9AGgFMLBNrhTQHf9EipTB8GtGrhhw8qVoUQG03JAKIfIEiSjDig1MH7kJNLIR6E6Bco5bK8EenWw6VUm4HplhN01DHMF5IpNmI4HO1eE7ZXADQvQCvGwg+HWFTQPvR2Ecnyzyycyw6i7hqCzhiwOEY160ADKjT3QSkHJFJQIcMNArtIobJ174p7vBoDl7krFtdT7nrz4zJ13HPjox5v1Y5Xn1/7SM9jOomRogJoxz5ukYXLrxCNnnj7cHfXPdYfDM5VC4RUheEUA/t8nvuz+X5//g/fvrY3vPXnw8EXLIp6QGWWMXj1MCWBUgRDiUnD/hinibkcv3dNQ5l89d/lCG6/xYcV41KeG7RVK9b3u2F3HQLSGFAmYYYObNvzuBoLuJkQSQisNrRUsbxJusQpg53eRhAj7LfRXzyMJRxBZApHGGLSuIAmGsL3Sy2GYEhmyNIJpUWThCJvzzyIetpGvTWFs/3EQc+cNUsZBOEdv7SJMt4BcsQFuuaDcRhwMEQd9aADdjUsQmqC1vgBuO3DzO2OWfKWBOBxgKFKILILfWUPH8WDaLtxCFeP7bkF1YhZZElNKqb1tPn/T2jN/yQGIyRPf+YSRx8+fo//x0d9odpPFdzabacXLMV/pvKuJMCklYHTnbASDK3BOShpZ+LmnvnrLKA4OTlUbLbzKQpRXBODFpdOHM7X99m0/8QmZDSkBJ1SBgL5Mu5QEUsmw648q+XzGTT6c2R4MTn7u6YcWUplumsx81cowoikl2mXcMMN+C8PNBWRphNL47E4M7/cR+z2k4QDQBE6xjnxtaueFakAJiVF7FdGgBadUw7C9gv76JQS9dST+AG6pBsZNZGkEmvjIohFUloK4RYAA3DDhVSZgeTsTRcA3R+4EhpXb8TJaQUkBKVJwy0EajdBbu4RCYxq99cuIkwyOIogDH5QZsJw8csUq4tBH0NuCzGJAScTBAMGgDccrQQMY9Vpor8zBdHKcm1YTpuUCeM28wF899UghzdKjmvWOViuZl4qkloloHpoJrTUnFCAKIFRDA2aUBn43XnUpIce/Pv/E08MweaDgWn/HC/ydQeB6p8fnW2cO5wr+wUIxLoBKlQkVK0mv5mU0pIISmRN2hsPlJy88c6xUjLlhZpX5zfW717obUy8sXHz1tw+AcVNRbqRaKzXYXMBga/FqKCYgxI7zEFkCkaUwrq6wsb0ywkEb/c3LO1OtSiEctGHn64IZTn+wtSREEqFQ3wPTySMctNBZPovO0lmEvU1opUApg8xSiGznpeZKY2BXY3etd0I4rRQoN5HFIYZbixi2FqFECidfgUgCbMw9Db+3CW7lUKiNo9daQm9zEaPOCtIogJMvIVdpwrBykFmELOxDZjGUkpBXs4yGZUNmMaQUSlOmNP3O63LWu9v0peULjZV253aNZKpSVPbi9tItG91O10BxM8m0ItAgZKdhaoXQYKaqV6Tt5gb7uvHC0Yuri+4rPfvveICvvnCq4qf9Q14+aniuiFuDbTcI9ZY23FDIyNWawA+IMFGfs2hl9dTCo/dNzkq+usF4Kv0Zy1bTlzaW5vAdugHLKyhiWK00DlpedUJRSmnQXcewhZ0JGwJIkVw93s2GSCN0Vs4hGnZjEft+efIQN2wv1NAvKoVF087Hdr784VJzf9NyizSNfHAzB8P2QBlHGvs7/X5jGlKkEEmEUIqduF1KuKU6KNs5dChLAigpkSUhtJIwLBdKih1YTAfdtQuxEsm8YXI/HW1PCYUSRGx3F18ITSdvG47H0yignHNkO8eYgBsWtAaCYRft9UXILEa5OZ0G7eVlKfXLdgr7G5RQgxJClZ2vvNxaF1vrpmGmzTAazRoQpVJBY3Hh/J0/87Z/aj5yafPJdnftg0rBBDSS1BSUZJupw816mVQ6QVjRJD70xeeemMbOt42+MwB/c/YbM8MgPthoygroiC93LzfzzvjCSCRz3X5wq5JMtbedNhelL+2dOlq42P2tk+Ui5VdWCHVdUbKtrLHW3bTxn7m1S9/4QkNmyUwa9ELZubw6WHxSufUjiFYWwunb3y9GrWUz9vuwCw2INMRo+QJkrwWveQMqkwehZYbe+nzc27h8xnIKj3HTPcoMM1ZS/J5Ik0XDdF1uuffYXrlGDdPkVg5uqQmv0oRh55DFAeJRD4yb4KYNp1ABCIVp50C58W2Jm2jYBiUEbrEBt9REFgdXp4Bt5KsTIJT42wunHyYy+VrUH00wO//DqYyPhr2tR8Pe1j5m2kfLE7MFd3IWAw6IyEc2bENVpnZCW2gkUYDh+gL1zz/rBRfmjo8qjf7Tn/2/vbOP/MmsYeR8yu0Xzj70p+s3vecfKADY7HXMYp5U2klW01DcNAHT3Zie31g7adHq57u96gmJwbTSihsob2bUOX9+balp5pJpT2durxPv+9r5Z2eTNLlgmd/eDXwbAFGc0Z/4tV+YipJkijNiM2Nkq6xzU81591y/PXygM4ybcZrysWLj0arTePiFpefuaTT6ExSUxglBPqe4YQh3GPrfDpZIa5SQD9jFsX2sPLHZX3tJrDz+GY+sjw4bYNydOQS31EA86qB1fh3B5ach2h0IppA2xqAEFWG/NQeV/T7jxqlk2L1VycTWMn1SU3doWp6bRqO2hlZaacgsgdIZ0rQPRRJIlUDrnTmGeNRFd+U87HwFxcY0LK+4c9YMAJFGUFKAUAqNFMHoCrJohCQIkYT9nSRVvhIz7p1OR9sPyCyxWZIoblrL3LQ/I9KolkWjjyqR3QUdFVSwjPjyBfR6LVAqIYwSsjiAYZhoPfugicefPk72eP+iNvt+vzpzkxsPO7ZM4y8RTV5k3HjZfKMopjlX2zlX8UQBQhBMNGPv+YuP/8Q7D73zf+ksrd/fGqiPKC29Sq744FTjyPJC+8K7ayV/2gYxR1HaRLYxs9nvmfhbyaFve1GpFFTzfoGwzBOS8Eou5TEGxxfbC897fN9DXWl6lKqJcW/fZ28an/K/eO5z737bYWl3BxxKExRzGo5FBKXmt1GmleiDsiuUkMMA3kuYWRJpZKK1breef3Rh7/Q+OKWx6fblZ8148QXQ/gJonCBaSCEZA3J1kYajhfr0jY9qicXY77egpW27heFN7/2IWDj1136/s7wpszSNBm171F5EsDkPFXZBlEYUjKCtHJRSMA0blleClSvCsHIvDywBwO9uwMqVEXbmsfXSl6Gy3s7klFmBWdgLQhlylYnUyZU33/bjPz8EMHzsD/+nB+xc4ZRXG58XIm9Gw86Nw+3lI3qjU0jmn4XaXIQ/2EAaDsAmjkEQkhpEb4rt1a45iKfUpHGSiHioRbrKTfcUIeRprWTbLZZftuH/19ubB0l2nHdiv8yXL99Zr15VV1ef09PTc2DQGAzAwWAIAkMQoJaEDnJJi9RSK4pByTK94XA4wtauY8MRtsMR3o3VHxuWbS3tkFeitAd3qeUhCqQIHiJBAiCIczAzGMz0XD19TXd1dd316p15+I8CZzkESJHeMb9/OqKj6mVl5u99mfnl7/t9jDJwUwvH1kpmQH9gYP+8ZFfolYeq/O/W9gXHv9jqsHqSp1Sy4IutQRK6peb9lp1WR5lBQYTvl9IwSjP7pwJAaQ2LK+oThSQlMCiF7Q4XR/1rj9zjP7CxbFbOUasaPTAX9Pq9Mw/f4zSWZ5jJnmkYKLkKjJGYm6w36dduW/+VKBpA8STR+pqm7AQx+H7D8X1SruQyi673118PDK/6KdN1ZzODUp1LUJIBoy5Upwt38hAt1fZN5/HwpGHQ1tTyQ9tzR9556/lLD31A/eBz/+tGMtjL+7vrGLU3Ed04A7F7FbTIkSkCvu84pChgl6ooTS6AMQuUcZCxwiAAYNDcgFueRNa+jt7Vl4DRDqhpwKjsB2UB+rvriPudnFv81pHq4L2PXCOWjU5zLSTMPlE/eGKpSAfu4NoO0B+BUgWZdpHsrMGqzIAwM03bu6/Ygfs0qU3tIyUrFUnSjpob16hhX4DBOtQw86j3H2UFqqUwl0pFzCBxyQV6fYq7pji9P+jX7PY3P/ipo4tf/LLcdymKW2o2DMWz3cvvqobDo4ahWZIS2JZG4ClDyreWNrsNAAY1lEncKPRpGudERTFFPZTu5GRyclGu8MWgm+dkIqgTI6hZV46WwmEtT+/C03Eb1alYRX2zJQVtHKjvuw1lmphcyoKlveaKmfcvcsMN6suPh+LgHkin4YrL37u/z8O8evxRZe0/hDTqUsgEdmUe/vxdqB56gJteeLy7feVT6aCdb55//psAerd5r3R4vXvzShr3W9CyADMFiJXDMAtQzUFMAyJPIIsMUacBxm2U6vtvBZaUFEiHLYQzh+EGM0hMCzABwgCiJIiQUFKqqNOIqWHdmp25k7+mXv3an/iO6552q3OfqswcfJiZPLSJiU4RI9u5hDwVYHP7YQQu4tWzlG5uuuaSlbJT933DPnViy7EmUkKoyrMiJBTTIFgjlLbwZgRvtlrPhyPdouANx6VpPDDs+nAaD3vrtsef/UAgb7qPlrwF4jR4alYfaNcGx3JfVnf6lGYZUYFHUgpjaHP+lo35bQAIXEv9zh/9w5ZwtjpCI+9H4LO+S0/UvIUjRX+hLBtKolAW905XjB0+RUssdu7B/uoPMKQ0piq8EsfG1t3zB26/hCCkBpBThuUFbmWyZZgWzbUR7N7Yrun1qw8wNzmJTne6WFruaOrFZPKw65QmwvL+ZW5PLoByB9wru7WF5ePtzZVPJtFw8OqX/vkzD/z6P7pVrUMzthp1dmKAwLR9FG4AYftQogAMH9TxIIoUhmmhXB+7c4OZIGR8BMziPuSbEUdeqoCWJiFJAkIZwCdADQeEMqFNu6NN51a698r3P8fiYXzMCeqfrMwcfNgNJkKlFOVTB+Cpx2AE+5Rub8fCd6J02FOyvRUa+d575Z5/KNtbOcOKo2+wcDFVRUapIcsgaIOQmFByi2hzeHZOQARNziqXiO61ZkMyf8Q5gnvcLtXmxWVlhEv7AkFp0eCJKdUpFtCzoqCDYQzDgCi7Ri/th42y5/90AADA4enl7Uu98xu2ReLOEH7cLmNhYprO+g1kcUapwUAMi0vpggQVJCZQCnO1tetuhPb8sxVzoXFwdvq2PQCl1FaUHKGG/QgvT+fMcm2mdGCVJmrD4bBmuIUyIn0lblw/I53aDW/uyP5w/72nKONLw27DzfOEWn4FphME5amlU0WafCLayzoXn/7TM8uP/54AgInpw2tSyB5lXFBCGDXnwUoE3LJAzADaCaFkAS0lnFINskhvu26O2jswuQPDtGDYZXhzDwLyKIqiQJERSOqAyDyVRbF97MHTt4CX9DtVJ6h/MJjaf8opVcM8S6koUox6e8iEzvncXS0VVFc6jdULutcXJKXHWZ0vxRtDV9h4lJnOSdNy41zJmBj5mgYuUWr0GDNvjaFrmfjfvvzZzqVWcqYTN1dqtagu/YJrM4RKXEpgu6bPQfICNRtU02m8dIMijlJwW+fcsLfD0qGNqTB4yz3NWwDwwNK922eee+ryIOu3On1Z3Sk02/FjTLl9SBQAB2ThoYhqUFriVfEabvRVixaHvz4Z7H/hV46/b/DPf+yZ3Ha3daq/TpmVwnDu0YZVowZ6TrhvO509nPOS2Ka5eE1T87xfqze88txsHvffnww7H6TMvN+rzgayyKjIE8rdoBpOH3g0T/pb+ai1DWALAAKLNfoSG1KqZUWJb84swF06jPLUfhiGjUFzC1AK/b11JMMxW3du+WFYbgCtFUa9BtxwEga3QbiFyt0PgTsu+s11DFvbgCYQWRITSrf82fvU2sr3AGi6t3LmqB9OnXZK1boGaHv7KmSRQ4k0zqLW6jCNv+u45W/45ekLVNoiDVpHZMk4ApPMmItV16C2S5g5oCZfRzY6L/JkRYq89473/95tL9FH3vX++I++uXZ+kA6e2mpdXTgj3zg0bRXUUhMwgwkokgKZgooj7Ikhbu4otPsUrssGRuFfe+zYg6v/949P9tsB4PTyfdGXXj505ep6d4vayeJA99iZxghL+yNMlEwIzUB5gGFrAnnnLIjOMe8+9jVz4sCfOebU2mP33v8WlB144Jfjlee+fF4LuTbq7lQNbrkalBokEKV7TgvPqQych2c71sRUXjt0HGvP/ttep91tEmZtB7X5jzPLOd1avxDKPMG+449TN6zXS7X59zd7Oz849+SntwGo/e/+RP7Kl//FigQ9bfuBb9plMNMG5xNgnMMwdlGkCYo0Qjh9AKbtjAmcGhB5iiIZIpw6AEIIsmELblgHYw4gKQw2pqvJPI0t17kOAEXUAwBu+ZUTllc+YpgWi9o3kY/66DXXY12krxAl/0Km0TeV5W09+KH/Jk1bF7G99o7tm6s3nrcm4LOAsmKU8Ki9k3PbG9jeRHr36cff9tJm/9Sk+tx3v9UoO96TUa9Utttnfj8lV/3cXsLk1BRovgHD4UiTHGd2tjAgGoVUYm/Pb5ampi+/e/lE8+2e+xYArGyuqTjruiW/cE1HUy8QUFaEwu2hcmCE0V6G7mYbKlLwnRiPzth4977Ht8GqWy2+lP+Pb9cKgKOnP6ww3rj1fsJHbtniu39bjTrrrY0LL3w1TwetqNtIQcivVqYPukopaCW5V5k54tf2P560dp7HWIlLWcHEa8RgHWZa0ya3oFWBYXcdImmhv/oGiPbhVmZQmpgFdzyY3B2//d0GKONg3EFv4zKa578Du16HWz8EkUpYbhlK5EgGnYG0/FUASHY3KICaW1+6j7thSCil7c0VJFEPWqRnRDb8Pyjo39z9rg9EEwfeoQDAri0D43U9xc9A1vhx+83H3ie2115r6lH9hmxsCXnzDKK4h2jrZVTmdlGa66K5y5HvSTiWjYqidNgvXEKHLqPG23I/3gIADQRDsXmkXh/O7uwxfq1rCn8iU9dtwQ4vSurODCALBRTzits2Jo8BnTyvC+T8TqrPe9X9CkD0+rc+813qeAPbnxDpaPD3Vp7+LJ1dfgSV2UN23Nt5b7S3/nmQ8YapVJ48q4ENBXnI8so8S/pob76A+PXnoa6tgexfRLJ0D1qbl7Fx/tuYWz6N2UMnMWxtwQ3rGO01sHnuzzF67QeIAxvDI/di4sBj8IJ5DDs7MaDWpEiuAEAcRZQQTJe5d9SwHLZz/Ryc6iyyZNhkzPyX1f1Hvnnw1Eci4B/fsTEBACkiZrqiWrlbIxKmks1QuZNNVppvg1KJtV1DrfekOtdwFHcVq08Oqw7vHn71+so0gLUff95bAPCZv/nL46OkeGC2ltUsi4kiuuuZudI9rzTSM0cuXrlxcnbemWXlyZ6R1J7X4h3p9c2phf/5W089NDd76KG79w++u7HXjBYm63cy81UAeKV19cynNTBv2t7pLOlB5Ak1rdJRd2Lf/QAuXHruC4NBe6PFndJZZnvHlchnLe7CG5ooekPoGY08bqL96rOgj/hwgikU6Qg7117F5oXnYJcr6F16Bnr1C2EY+QAAH4ZJREFUdfDJAqpLwbcJSsdn4IR1xP3WgNulK7LIIgAwuAUAgcGtaYOZNBm00d1eFYZBv2Ry/gLGRIw7av/0i5+2/5ev/dVyErXe87HjRzZO2bUNPeG2SOXm3+mlven2zW7vem/m/GR48sxi0TxUqp8/TVg/aGxn9//Jtz5/crO5s7GvPvOTQ8G73S770B/8g6UM0eKUhFufHLGhuTm7NQjbvnv4D//yGn5NXM1/e2Fq9qXl6Xv+2SF57gorP1i9Pnz5rxtbO/8wkr18GGfP3cnO3/u+/xwA1MVv//lKIYrPa9DjIssCEANOUGO8v3sw7rf9Io0HWonU8s1XGbffTw1j2i1PUeuh90FZKTqvfgdaKNAZBwQUjHOYlg1mmnCCCmyvhmRuBtnuDgzYqLzrQUwuvw/lhXshIeBVZ3rFqHs17e7kZ5/8FwA1mCY0JISGqshRnlqEKtKmyOJnCdGNg6c+cqeGAADw6b/+PH9l/elj670bn9rtdg7dH3/ovz/lDJ6PSieqL2yW4wtr5/4eUeWv1yeO/KtWIRedysrDlWo/GEaEdQbxbDpaO9KNIx8/dvV8GwD68cgu+XGtiIsgy0FdmwBhZ3E3vfArV9OTPdudvdQYXt24uH1p9mLqzD64/yPn3zvx4MaR+a9cG9FXTnWStf9sdc9t/Junv3HxE48/cUd1crVWkcGsizCda4o5J0aDDoKwBgJSl8nQLuIBDaoTAjK9Qkl5zS3Xj7jlSR9hHQZ1YPmL6LSvw7CrgMyhZAEnqCEbdlGeXAD3QpjOY9AzD8B36yjNHYZdnQLjNtJRTzDTbFpecEWnA1GdW0RWCCqkdE3ucKkkTUZdiCK7JotsC1LcUan4Fy5dYJ97/osLidj9Vbe0+9C8Gfa2ot7F6/f8/uAbrz+5dLFxbikphj3fmH9tb4Swq154Ymq6c9T3FG93GUCVPVERE41uO8BPA4BSGr6nWSw1TXPQNKcISsrOsv6x3t6V90y47/i+o2UrFq1Ht3uX//5FOteYm5g8U/HKPZMXbru189jqrnN1FD3bu769sXFwduGOLQUyTwXhXodovSoLcUJJBWpaAEhdg9iaUNgWV3EStwB9zWDWKYNxnzKOYPYQTD+EtX0Z8aCNyvRBJKMuTO4hSjdRqu1DaXLhzVtBDYOa4+OgYbzJEZCRyPM1KWTDYKbgJoWmNiWKcGpaTCsJKAXDYFswjJ6S+R3rd5zE+K/++A+qjeHVh8EbT1Rr6bQw7K29fi997ca56bNrZz5J/Y2TZbe8Nucupuvty49Uat37w3IRCEkQpwSMaVopa1pI9ZaN4G3/sBhXWpPU95BnGVXDiMKgoOWgCP1y73hzsHOfZXJVKSu/II33Prvy4qe+f+m1WiFz13fBDDNeGKR77+smjeNfeOFrf3tWws9hMu5D5WmkiqIhRQ4pChBqQMmiJmVuK1nQA4/8NghBJIW4LLKkJUUBQgioyWGVQthBbZzfz603iThjAgh3A3DHh2l74zQySseFCDBOSJGi6ClRXC/SuLf8q/81kjiCFAUl1GCEMppnCZJhTxVZui2FjAB6xwDwly9+2x6ke0eGWetxQfrLvic5qLDLbhg8deZ7v9VO1j5cm8irlsnyNM8OloLeiXKQ121Ls+GQIkkoXBuKGVo4pv2WI/ptADi3ftGNEyfknHCtgWFEkGYEtqWZ4ySzsWgezwtW8xxKK5W01kk2fvX1zYsfHWatBdcG81xpMx4v57p5fKVxvjqI75xCKiNUMcZjxq09k1vKtJ0xPU1rppWiWo3HnJk8zpPhap5G20rkP7IMEVDDBKF0HBFUEiIfB/SYNS4g2N66hJsXvz9OGn3TZJEpkactreQ1ChoDQHN3jw76PSaK3CcEFIRCKSGklDtSyFjrO3caenn1JV+S7lGTJ/c7dhG4NhhoUutH6S/faF35RFgZzYclUCGIvzfcPm45oyXH1q5WBN0+hZSAa4NFEQ/e2Lj6lpfyFgCGyYj+1YvfXpKZO0eVg5JHRJKOH8IMUIOJIJPdQ53BcMk0gVpVU89Ppm+0LvxuLLeXLAuMmwTcSmsGHx42WFy7sbNzxyRoTC9UCkiLLGkmw06cjAZQUgHEiLUmwqnNs83Xv+265TqyeNiQIl+TSvT0rcruYyk3YjBYfvVNsYkExDDAuI1h+yaGzY03M4GyW5J0UmR5kQy2i2SwYbtuunHmq9TySjBtl1Jm2hqa5mkEkeexUqqjgBT6zniAvd6Q9tNGoGjvILeyeZuDMgZqmNH01d2LnyBm7+hMXVGLA8Mkm+3EjWVC05ppatYdUMQpgWNrYTFLZIkfvnj1taNvbFy7LRfhFgC+dfb5YKe/flLqoqpF2KqUeI8xqF6fIk4pDENyibia5FGdMU19TyMMCCVm+7g2hlVCQLUmME1hu7aoe45RbfY7P5Ub+POYNmxkeZIXRdpUMm+NOXY5GDMjxkzhMJNvnP/+h7dvrJwCiFCyuC7ztCOLsRMgZOzOs1EfvdY2pNJQUoCZNpJBG7vXz46XAj+EfPPWUCsFJYqezJO1PO51hqPu9M2r50/OLh2mjuuBcZtqQsc6BKbZI4T2tFLiHX/3v7wjfe7HEeWWCpiZ1hnLAjJm/lKDZb5me8c9V/JqqEENgkImYSYHdUILLgTQbBkwDY2wZMSyKDUJGG8MNt759IXn6z/axi0AXN6+UbWc6F7L69ZtVtmmCLZ8D7GQQLNFAWiYpmAmL5jJxgUXba5RDSWTQtM8J8hzAosr2DZs02DuMI3vmDDi3e/7JIgWOTVIkxrGqlICRZ4CWgqqlSKqoJYXfDCo7/sHXnV6OYv6rWw0aIo8vbXuaa2hRAGZZ7dSxolhonvzCoo0QmlyAX5lGtmojzwZjvmDRdaRRXHDsPzAdMKPMsv7GDSYKAqmtXKUHLOHDWo0GCUD44dr0R2wOE1hmcy2Le2bXHKtx0tynoNWK4Izg8B1NCgFOBfMNAtGqKbtLkWWjd9+TksNpie3XG/oUt5avnTz8uyPtnFrgrZau36pVNTKYWfBcUd2PAxbBpyB+aYXGAwpGANcV4ExPZZYtTQ4H9fh7fYoioLAtjUYg1Ia6seTJP9TjREISNmUeXoxHfbyPEsgRM6EKKAZ9Z2wzkoTs49xJ/iVPInsIhk2lCzSMeWHgFIGxl2UJ+fAHXe8hGiAUAOWG8DkDrzqDJQoILIYUmSiSONmlo4iq1Q74YVTH+ducP+o2/aTYZfLIqtqLRH19pCn8ZZWasAYv2OawIQQSAkwA8riUATAYEgQxRSuq8EMDZNpUKLhuRoWB9KUoNUxYHEFraw4jmoNzybKC1oLQRCHO93d27J2bgFgp9PheaF8241qxF4/KqQKup1ymmVcFQK4uUtRFIBjaRjGeH10bA0px38be2NhBMsElNJ5luu07Pp3VAvPm5hVthd0LMs+R7RoFnkGyt0a98vThBo+gXrVYDxm3D5u2l5NyaKjlRwopUAoHQs85ONEU5GlIAQo0gheZWpMFhH5LdVPrRW0lKnM42aRxdy0vXd54eQCYzzO4kGQpyNfiWLW5A4oITk1+TXKrQ5z3DvWZ8+21SgRqdIk5iYVhGp0uuONnUEBzhUIGXsAxx7zmnb2KOIUyHIDg145HY2oS+z1Q5bXXyBU2Xu94W3L8i0ArDY23a1mXAXRvFQeLPjhzUNRLMJW20EUWXmrzdNe31C2NW4QGrAtjaIASr5Cs2WAmeOybYOIsr1uwa41rt6psQAAHHrXR1XU2orSQeu8SKNX8nSUW15l0atMPWFwP3Tc0tkiGbWU1gFzfEsq1RMiHyhRgFAGw+TQUkDmGYQoYDo+RD7CsH1zLBZBCIo8uVVSXikZKVk0CaUUBp3XRCsp0rVRvx0S7hw1LOeIwUwQqAZR4hKU6nlO/Y55gO+vvEgHEWXDyKCFIMowgH5EQcfJH/ihKh8h47lIUqoaTZ6OIjtv7HpqOCKuV95dKoXtJdMU9m47dzf29t5+E9hLm3ZnEIf9PmUW17Q+1a/NzXeqzNBIolqLqZlrorA7Y/c//o7JACkB39Mo5Ng7DIYEzbZY2Ov3j7xy48Xq115+4Y4KJE9OzuXhxPSq47jfGnW2t6TSPvcnftPg7n9HvYnf04wvDvttxFG/r2SxK7JkoKR4M93bAXcDFMkQo2EHhuUhmFyE7YWozh9FniXoN9fHsQODQSsxACE7jFsR0ZoBUNzxXWq5Dzt+9eNeOLWUDNqCanXG4uaKZZL4wCPvvyP9vLy1hUvbF/ysSI62e/JIty8ZJYBBNSyuoRXAGfDDyTCYglZmZMj6ajqqNwgx88mprj8716p6nrRHMaXtXmHHonebB7h1TJsoMwWDiiimGEYUUzWJAwspPEei1fQjZLNXJBM9Svunf/gdw9AA0bC5RliSUIqKwdDKC5XOBm7/EU0HZ280N1v4/3D1+ZPswKO/pS7+zZ/2lMbf5JLcozT5TdsrzxLD+jDlHkaDbhr3WxdUkaxQVXARxD2lRA6Am7aHUm0OzdVz8KcOYDTowC9PglgeDMtBa+0CRnsbmFq6D6btI0+GsVa6JfN0Kx60tyyvfDyYPvgBJYrHmF2aNkyHtVbPrcbd7adMw7jmlyp3LPz96vWLNC46szBb75JpvBzHpkgTqkq+5J6rx6RdQ79ZQ3lc6q4eemumd2AlI5tHKpPDWn0yAecanZ6B/pDCNImaniBq70fauQWAfdX9A2Vubg+yZLHVJa7vUQS+Qn2yYIw1ZtfXBRWZpShMAZ0xAKAEoJTANAEhofb2ymtlPtmsBjuLlKTH+0nnxHMrL138V9/5SvrJ937wTo0NJsKySCVZFYr+UWv3BlOV6Q/keRz64ZSIentniZL/PghrZ+Lu7pKSogetcwDcMG2U6/uRDtro7VyDMzEPp1RBv7UNogVGzRsI6gsI6gswmKmUyGORxz0iiyudm1eepaZ9srZ/eVGLvJYXQvRXzzW4Qf+dQcjXRZ4ODr77Y3ds/T93Y8XuJ9EJx41PTVm5onL64mggaaIaRyerhZ2SN9MZ3hTQAijy3AhHxerxfQvN6claYnNTI8kI2h2C0Yjm9Yo9EGnltou6WwB416HHmlf7T65g1Dre6Riu54zpxBbXCILc98vNpas3TJRHPxJP1uOy7QRK6aJy7e7Z9/6xYDf2FfzG/M1m75CI7fctlM0LAL6LvyVj+OexqZMfRef6CwLAlc7uxj8WUeuzo72NQzob9AizzjPT3fZr0+nG6y9MO+FMz6tM59wJQCiF5ZYxfeRBWOUJ9BvX0d18A15lGvlogLmjD6E0uQDLKaHIRgpQQusih+o3SyXvy1k8yrfPf/eTaTpaKFVqV2Sh/8yZWfyqG04P7jr963eqewAAz2WLl6/eeMKv7B1fnDd6RuGsiMHdr15tvfxrIFunCSG3ufIspdhud2ZnpwUNygU1zfE+odUxsLtH4bkkrgf+hiceanwHT9363q3J/PijH9judr3vVUrWWiVEvrNLcHPHgBAE3NSoTyg6OSFpu0eRZmMlLE3GRxWhVX5gav6FRnd3NSpuLpV8WS0Hmo6y+OS59YuPPPny02+bmPifYj9UCcCYYfQMgM8A+BKAawBiAiiTijgf7PbibiOVRQqZJxjsrSKPu5jct4xSZRZF3IMfTmN++RFYfogiiyBEBiUFiiRSaaehmi8/KQBsA/gTyWvvYeGRu2oT1ScA/DsCPbiDPBgAwGA0omevv/Go0Okpxym474kwKrYWWvFmdP/SwacNigEh+j9GKyWw1zXge4rNTknq2hqUauw0DaxvGbAtqKkJ2hwNghd/+9HfuPajbd3yAL2kox4+9EtXzjX7Z2vhjXmD5tPNNqUm05ifkXAchZKvsHGTodmm2D8nofV4H5BmUBN+vTOgw0VhtJdMXri+RyFpVCWGf+yuuZklAGfu5CBNHHzob/3MmS/9gertPicKsaZgZACR2Fr517BLU5ja/xHs3Xwa3Z0X4U+6SIbz2Fn7LKAJpvd/CJT66GyfVa2NVxXDBO5+/HcBAM985S8UIUg9n+Khj37yTnbplv1g5fVwZ7B6n6bRvO9ScC6448SzTlUdLjvV7t6ApISMT1yEAIOIYHePIihpeN74lLbXYtjaZvBchVqFDrKocmG2dOIMkMc/2tYtAHSinj9XnQw2OvdebUfda9WwGXAu/WbbAKEEk1WJwCfKgB03GpaaqPRdpQljBtAb0PxIqdJWpH+3dIoaNyU1iAnbKmhaxMde31h5/z/7wr/c/h8++qlfaLUMw/aVzlqI4nVsXVsHlIlUvgo5CrFxuYm4twVJbmJn7XNQwoakV0ANga1rfWhhIYt2aZ63qGmeuvXMRz/4sf9ff/N/eO7r4Z9954u/rI3hCWZmNmMUpinhujpM8ujQMM5fjmMemzyFVAS50NjecaM8dUR5NvI506zVMbCxbcD3FcKSzJNRsOboe1besXQvXd+7WcPYmwH4EQDEWcqeX3ntyCCRSmDhhYjErlcaHGdM8laHQggKz9H5fL20IdPJ1Z2dleMS6YJUElE/6KVW3hqJ1ntCR/mGQaAU4FoEyShZ3Gzf/I3vXXgl+vfPPPW5v//or/zCSqka0DBSgiLvIe52oSQFcyQE6SHLzyFPCkilMYquQKWAGUhIKGT5OeicApJQw/Do5F3HfyG1fl6++ob/Tz7/f/3yamPrd/0wXXZtUOix+ofJpN9TrXmR1V+GmNxO9OYhSkC3d8wB0kPP75vMgpI3PN7uUb/TMRB4Co4jVDzy14po/jmbVXZfXb2wfHhmYQs/AoBbHbNNR6zuXQuvNVfuyzNrl+QHvhINyme1Ruo4Av0hwV6bKm6SXsWZf7qI939ta5sPNnclyuaR51KRDmLZrjOmbEoJpCIwGeC7hGuSHmkM1z/0tXNffbg3in9hRSoMqeG4BI6pYSGH62ewQMGhwEkOi2lYhMI2BBxWwOYalqaweQ7bTqnrax7UbLtUmvqFAOCzz/6HY1u91Q8JndzvunA511BqfNSnhuTaiAKTK1W1l56/uUPjnSbyqLvw3dnSsc+XPbPZH0C1OgSmJUGoRBIFV5AtPlmklcvXdi8fvra7Mmf/GCfg1mSUvSCHMYosb28p1n0/0Es/IPLoX8p8q6H18KFBNKwPI0kNXWC+LNbK7oGX8qRYojJbnCod+rxvxkEvT3wKxTQAIQkYAyxLwWCZa9D06FBce/ypV79/Bm8mc9xpa174Os3yjBey8A3DROv1F2uFyEKdw4YCYBNoQaAVAAmQnAC5BgyACAKiCbQEqEEAqikxEBCDTveaZwPcwVjG29nzF9/w//Ab/9Ojtts5kRZmaFuSMnMcapcKoFTBosL2Dc25t/isTW+ebA96i/bs0h+bRtjb3pYfbCeK+r5CLfR61PDOO2TfM1JX27G+9iCxhksEE9+tl2tvfwz0bTf1LH/bs7ViVutkWoxqMplbKdvLV3wr3hD2Ts3ISZWlFr3fbD74xBS/8VdJRTQq1fO/M7U132udfc8VEleLlKHPNJQEmAnQvAA1QMuBrJqWOvmFH3z1VHvYb0yUynckZHr5e39OQSw3FSW1s91YsoKJR3lp7sAo6mCIYSiL/gnDyH0NCQaAWuObKpkpCEqhGAG0BOEEilIQd1yTkBANkGI6F8kvxXrHfumrf9rklplSOVwrBZXzBx7+rTvK+v1/vvkXxwRtvatSSab7UcEYK8D5ePJJZmCmMHBQiHBGn3n3VKmTO0vHLlxdu1T//dli9rX2+WPrwuGCHXghsGUnNGsdQ01EnWgv1OZrJ6uTo6NFzjpx37g5Uaq+PSfw8Oy8+kd//gdbu/nGhut1lxnrnBJFtpTF7bUknlibtI+uPToVXqnnV07to9c/XM768ftLMzUyYbbmys8tltO9pQlaC/pkP94oUlA5gMlyGIYCtwRqE8Im0EtX9q790me++aUfatj9XPb8l/9POK5LDaJdmSXTMN1DhREscrc0Y2uDUbKw4FanT1DG6/FgC5r1qbK0bfAZbsAGeBPKSADlQcODRAuqKEBYAMOigBuDcAkx9AACUDMNZDF4mNLuUTv00+rsckoI2YoHrdfOf/ffbhkG33Bs+4zpuD3LC1T9wKm/vRNvY5975qnqH37lzx6bmh8em6jk7m5LgzEFbmqogqGUh7iHepjku77L1k75lfb0rwdGZz0rZt3Rc5865nmut7TQ27NOPHc5KvLdeG3esC/dX5roLHEnmoamYtj3r5j2vrWqV/7J+gAnl040P/Pss1tVYqTzs0XNDoezw9FwejRsHzX1aG3GX2o9XGVLZDRaKvo7dIZNoLTPmLXYDkVZUNctIfAOYGPUhaETgGYwGRCUFCZrkna6qKaif+IHl1+9/9rNjbVDcz87afSVJ/93wLRtbTjzsP2H3Qn/EYOZR0SeLCqpQtsPmR1MMMuv8HTQogYBKlP3gFnLsJ05UGphNDyDqP86vOB+8Nn9aG1+D1F7ExP73gPuBkiyl6CpRKl0PwzDgdQtJvOkqmQlZNyE6ZbB3fJxw/JOW37Y0ZpsaFV8Uansq8PeXuP8t/9EHP+l/+LnmvzdTgf/5AufPhTl3UemSD5dKUtWDQ0wBhgMIMKArSewL5xBaBUUejWw/M7yrJUqZ+RSI9usTVVmMBsYjYujYbRa3PAtc3PJcUe1oKSY1oTuNMxWu+1uP3Lgvu17Fhd/cl7AXXP7B3tttjsSPHKcQs3NaDoRahqWkpqVdmqc1cGYBcIFaChAaADLr9O8xaGpA6NSgbQYoqGEelO1ilKNwNMIfI3BUHPK0vnGcOO+G82b38HPkCb2QzO5w4nlHaKW9zHDLn2AGuYyJYSb3IYSAlrksMMaRJZgsP0GSJ6hvu898Kv7wCznzRSwg3DbxxBOvQNOMAUKH4y8gbmjH4YTTKOzswhoinL9PhimhyIdQhYJ0mGbjvotjPZuwNp/nJu2VwOhNVFkh4o4r6fRAEWWfIfY4cbKy3+dHn3w135mAOwNuvxG68pRQkdHOFe26wDVUEHr8Q5dU4WRVMgdAmqVoeMARZJS7papVQ/B4hzUzGEwNstoNlsLu+B8BMYVtCJo7FFs3GR5p8Vad51efEsV89sAsG+ynpbsykZv0G7u7GaLvqfsaqhgUIKyy1AhBKI3gIo7YL6ChkDWiRHvTYGyHBISm+k6bkZdCJKBKAINwHXGxAXD0NSyi8CxsqW15lb95wGAUqia1Pw7jLu/Q7SeL0ZdFCpHaeoAqOkgam5BJCNE7XWkN78PhgLKs5FxC2lvrNtr+hOoH3gfKFGQWQS3vA9SMBimC0I0qtOPgFk2ZJFApEMwwwAlDnIZQ/WuIh7eBHfLEHkOpTUICJVFejRPk98jhFYNZn2ZUL56+eVvpHc9+MTP1K/NVsMnLDrMeFIzTc2ooRH4Cu2uAWVqaCrRGLWwMZCwiICTBJCpB6kJJB2BMYJ80AWNu/DdABWfIdUUUmsMRxTbu0y0OnbPUM7m0vTcW8b7NgDUgor4bz/zT1dfur612u2x5e2GtLkJBCWNRI6wm26hEkv4INDURSpiuLMp4B7HsPEaRq0tbNsWuokBEIUsJ9CawHcVflhIweKK+Z6a3urcnP3maz/YAlGphlZP3H/6x3/bbSaBkFHjPoNZ81l/FxoE3PVhcBcGt98Umeog2r4Ia3QJNGuil3ah7TkYqg+qc9DwCOz6cSDehs66GGUEcVyAqQ4YVTCDOTB3Cmn7GvLeGmDYKCSB7F4Cja5Clw5j1L4LphfCYBbGTGOPs3R4UmtVM0wrZSb/EmPGFn6KZvLZ1UsopKCFFHxlc23a9/SCNSo4IYBSBEFJo9UBspzAZBrDNMb2boQgzVAlgFU5DMP1ke+uA7QKnadI4z52ijUM3T4U00gzgu0mRbPNcpvZa0tTcyt3zx6If/y3vOVM/uhd71xbbb38+qDonWx3i5AxsP2GALUT7JIGZjjBZAkwOAeGGoYRA9YUspiC6RYm6RRq0kNPZYhiAd/TKPkKUgLQADNAbVuEqRgtvXz19dxk7FotqLSeufCqevTYAz8RAIRZqSZ0WyjZI5brm4bJtJaImutQWoEaHFJJZFEbRBFQQpH3NiDkJgJrAG4UGHRuoLl6ARW2CaYGiPIQUeaB7cWwaYwRn0Fs7IOZrcOWDeTKQiIcWDSGZ+eQFocV1OBP7kdv8yKY7aM0tQiiBZKot8id0m8QQlpa5l/DOGP5be2Fy+dpWmRuZ9hfnq5MTNuWqllcszEJhcD3FDjXGEQUPjcwS21M5gmcbIBcuTAnJmCYgM0SWJ4LUsrQ7w2wQ0YYkRxprnFzx0CzRWEaRm8idC++++6HVhzbfsue6zYAnLl+iZadUrRw6dhLO0nnnalM57t9Gkpl4uA+gZBl0MYI3mQPPADMXYGo0ULUmYFtJnCcDLWKjV48pW5sRflw2ENYzrjFNRVyHB1kTDPOcz/K+tWz1298aL5WP5cWM18VKvupqtZeMNFM8+KpaNCZp9Q47djmrFOq2YxbSAYtFPFwTOOiLjpyEUTXwUouLG4AZgaJHEZugAwFqDsBKRxoocG4CcMJYfAK8lRg1L0J3+Wg5YNgxIGRM+SaIPYDuDP3wZ3YByUEhs01lKYOIO42kEU9mNyBW505kQ3an8jTeOWnAeBq4zpP8uzEhfWrH//ow0+8aJrSt98M+ig1pns5tsbNHTO1zJI6vBDYx8I+tYYbGA0J8vYqBjJCqdqEvxBBiww034MoAiSFgfVtA3sdA9xUedlxrvh6/4vvvvudzVeuvE5PHrn3tjH+fwEgVEh/f3KSBQAAAABJRU5ErkJggg==', '2018-08-22 10:23:32', 1, '', '');
INSERT INTO `t_user` (`user_id`, `user_login`, `user_password`, `user_name`, `is_active`, `role_list`, `user_img`, `update_date`, `user_id_update`, `note1`, `note2`) VALUES
(2, 'pfit', 'b30da01be18ead0818000aafbc26a45a', 'กรมพลศึกษา', 'Y', ',1', 'data:image/png;base64,iVBORw0KGgoAAAANSUhEUgAAAIAAAACACAYAAADDPmHLAAAACXBIWXMAAA7EAAAOxAGVKw4bAAAgAElEQVR4nOy9eZBl133f9z3LXd99+9Kvl+lpzPQsGAwG4GAwAAESIkGKokQtpBaCssMwSmwpLsdWKVUu2UmlYpUqlcixE0m0LEqyJDNaQlEiSEriBmITCIADENsAs/b09PS+vH77u/s9S/7oIWhKAAECDmaa1Leq/+jue2+d87uf8zvn9zvLBf5ef6+/1/evyLUuwFutc5+6jQNZEwgOutOz8zN3fWX5WpfpWope6wK8lVqavx+0OuXBZXdpI/iVTHTeda3LdK31fQUA0VuUupYLm++TxD8ikuGhcHTRjkYXr3XRrpn4tS7AW6nRpa9RkbZLSiRvy8LY1UQd7K58tQlgGYC61uW7Fvq+8gD5RrXg5NlJotdOckuZlA2OpYMvHzeN0E7889e6eNdE3zcADNae5uHm5X3x9vJ9cjSYYjGh8IfTorf2w2n30lRv/pPfV97wm/q+AaA1/yUv6naPBVvr70gH4DKgyIbCjtvddwSbC4dHm6v25ad+91oX8y3XrqP+2We+geGwT4eDvh0GvvrZ/+rn4te6Z+7r/4l25z4/FXX9u6Ne6hHDgiM1BAEwGk0bfucHzHzhgp2eX9w++8m0ftPH3oKaXB/aVQBcunQJS1cWeL/XaQyH3cNKyuFn7/+LMwCJP/STP/Wq96n+qjfqdY61+/FdG9kkUsnBEw3pcFAl3XKc/mhTJ8+X6LAdtDt9fB8NCHdVFzA/d4F2O53aaOTfG4bhL2RZ9nNhGM5SSsyHH3rgFe/ZfPo/cDJanQqT5La5lE49XLgFDzpH8SV6BF+mR/Fg7hY8G/CDnSB9D1Q8y3jijjaf21V2eTPaNR6g19vCIw8+YodReDiKk48pRe4CIXEYRSuOY/9BmiZtvELLTYKwoIZrR5I4OLwoi+ZLSQkkSQFoUEVBlYmUjOOmcHiCJr0PZEF7COj5V3rW96J2DekEBJZt2YRgn5TyhGF5riZGJY7jO9IsrSRp8op1iUdBKR30jtBgcESmmiedCGk3AhEKOsyQtiMkLAcRbM+mnfUfHa3M1aSSb3X1rpl2jQcACLUtixuc2UQLroRGlkpl2WbXcaw0n8+94l1GcWoYZFlfg1DDNWk+74ArA4ZrQEkFIQADGq3Ysfu60KehGiYiE29x5a6Zdo0HKJXranVtyQ/D4TnL5s+UynlVKudbnJJHTMNsV6v1V3TZ7uTh7sPqyAsPsRPnLopKajINJgH/fB+ym8DJM/i2ja86h/AV+/hXnync1Rqbvvutrt41064BAAD2Ts+EJaP9YsVs/VGRrrf21PH4nun6k1pF/i23nHhFAJqzd6vh+B3tter+xU07L9Iow3A7QhgIhP0MqS8QJAoJd+Nt7q723Vr4VtfrWmoXdQE7YmJTAAiFpr5h6XB8al/6WvdMeOXW6b4+79pGLDhxhStBIgnNAK0A6lKM54sLmmWLy4PV18wrfC9pVwHwxQvzVKWTrhKjklT9uJAO4jvG9Gv2116O+0Qnm57W8SiMoMFhuBzEohCpBJcpGhNjyzW34Ndzxb/jSXrtS9CE0Ep19nsuMthVXUAQh+ZqJPa95IsPPNCPpr82iI/+9bnnp861W/Ti0quv69g7LnCbu6Jupqsi7/chUw0iNYgGdCaxN1nD2+yt/p3lXvqB/UUadBZevnf5yvN00F8pDXsLjStzX7bfinq+ldpVHsC0OSglAhyCWtQbyOjwdjw4to9Nzi111n38rdh968Lv2qPFB2b02r8/8oFa652nVeYt+PvBmQmeETCXg9kMe7IA+/XpfXuD5Efp2RfnlucfeSbe+uy6PfYhpbQ0/aA9JUXU1Cp7AcD3VBexqwAoFfNKjsLUBo0nqEEHqSxxmr1toIYPvjRY8L953epT9/PFM1+ZOv/V+09Yxujt1IwODuJstjuiXporwHFNkIyCmhQwGfq9Ms7Or83GeXnfeK63yrLu0bDTemD7zB+f8dWAxlF7Ik38fVKmc9ey/v9/aFcB4PEctCbIi0x5OsO6prQtVTPOEnsQBxTf9ADcAOGWUIoOpeSX/LhgXxm4B+dCxmU5B8cmkJyBUgKDE1CziiudpJTBMy1TzjVo0iLMFtCAlDHPUr+QJP2KlOmustfr0a6qkE0tJZXsQ8uLntbd9WFU0Uq1DcFjl7oKAD59+kE8lsZ2MHlrKSpPm2mwTWVroxAkfY9qhf1phFSnEBrgFHAlRZ5xmPkq1Ua+tGRUXH+smdJis/BCx5hqMJ86qWhImZYZJWYYLMHN7b3Wpvgvpl0FQCVfEvmAtzV1TiW+/0Miie7K59TGHjMXzpTH8clnv8Rf2Lh05OL20juCLH6bpqTpalmbZHS65hiNUiZpSQpwnUISgowZ8IiGyzS8iglius22Zf7IM+HwYDvo94VQfklpcdwQU7Ou6tYLJTPLxLc8zfeAdhUAP/vD78XjD/ymGHbjcDPaChtegOaksg6WJa9bMZ7bWm9c6qze1woHHw6zeEZScJNRUJOgRA2UYgmuAc8kAKPwQWFrhZKhIA0HgVXk60LOLEX9maESgKZIhVZrqRBNyh9tlgwzjr638kS7CgAAGIY+HYnEHRJdoo5CwdMuIYInaYS2P7x1tbf9Pj9LZgglnDMOQSk2CANnEod4gmmkqJsajDOkMkWWKTBuo2U4uKIVLosMkSZgmkNKhUwqKojkWpMCIWiO+pc4gNdMPu0W7ToA/MxVG0k8vJC6myuionqBFR4Mibi93rTj5KX3ZImYzmLJKaWgRIFxihjAArXQ5wS+CHAkCVEQGWKpMYKNVNlYyYBzMkBXA1JryERBxBImNJSjKYGYUungbhWvPwdg/Vrb4b+UdlUiCAAqMyfSNV5bv5A5c5e1p9Z5jg9NG8SfP1jX7bsmTFGypYQYpMiGKVQiQaWGAkGbWzht5nGa5bFOHXSUjYGRw7wy8GKq0M0ktNZQsUTSS5H0UqhQAEKBqbSh4u17s2D7zqB3Ztc1nFfTrqsIh4lRFKeJELEkSoGhohlxN3qXPnTc2drXrAfms9TB2Yhi2JbIMg2VN6AJgQLQIkAIGyMC3EIDDMIE5zVDz1A78wJUI25FiHspbJuhYjNUiYKpMzOLo8O99up99eH2KXyPeIFdB8D2cEAt03SZxUpagYciOtwKuse+2Gu/b1qJwrQe4HYWAk4BLw44umshJCfQnIJwAsopYFHYVYmaEeKFDsGWMBHJDEpomAZBOsjAGcHeisZthQD7DIk041iKRSFT28fp+sKJC1tLf314bO+ujwZ2HQCLG2s0GIWuiEWBctB2MjwatJL/eRiKgy+Qsrk/YTiS9DAuUrWRM+BzDmkRapRM8ByHwQkmkOIObwQjJghtG67ngAmFJJBgRIMaDJUcxa21EY7SHlhiYD2r4rTMo0WNxtmly/f9ZO3Wxz/94kPdDx97z7U2yZvSrgPAtR2YpgFKCSA0kkyU/CA5PlwNKSEUYd3FgOZaBwulUxWXqM14cDwx1LTlcVCLQoQSvlRYkxHUUGAtJIgMBbNowCyYyEKBZJSpHCPKFSY2hh4dhoTKAtAhBBsu97YG2/foMw///D37j/9bALt69dCuA4CBKKq1oloLKA2daiADzVVtaKXBLRYL5p2ShfHfjnv9ClOjBuNqSmlFdaJBKZDLmzBCA1swkZUcpLECTAXGCZTUquGWFg66tQcpU/GZeOVOQ/aPFjLpBmFKJTEocWnzud6Vj+0djM8/ffmFzwFEnNx/y7U2zRvSrgNgz9iYOtdeHkLoNhFaiFhwpQCnbABSqQKx5qYLY589sefoc8tbX5u1wJczJY/JTHlaAVaOI0s1BhFHh5ggeRN0kEKlEtAUUijhOc4cDOfPx+r1MyJUd9mKfmyYDe7NwrQQawaXO1wyOfM3K6f/sRRqDsA57FJPsOvCwLxlqXavFzKBDZYSPx2kYFpDBilyKV8co4U/KVP30Wa+1j60Z7Llec4ioXSohIZKFUQooBKFgBpoWQ5SoaAyCZkoQGlooUCkSgkQzuw90r7r6I1P3zCe/xuTsBbzAT0QoIxAAWY3CY4/07r0fsaY99ilZ3edLYFdCIDFGAgQl11v1eK8RYUA4gxWQFtNXvrTuln8S1uz1feeuFPNjk+0bdu4TAXaSS9V6SCFCgSMVCJUFH1wSKWhMoWkG0OmCobBRN5zFvfVx7vvO3aHGq9WUsYQFkxX7C+Po+bkQEwCrTVNpKj4aXTI5ZYHfa0t88a06wC447bbsbdWF5Pl8qIt9GLWi1UuM5ar1PtPVSP/55OlxsK//ugvCgAYK5T8ou0ue9xc5ZSkZo7B8RiKVGOUAjElYAaF5Rng1s4CQc+0+pZlnJ9tTrYAQCpAKk1t00KjUkGu6AAEUNAgIIJp6kdpGlO9O0/b2XUAAMB0tSFqbmGxRJ0/L8H94wrzPl63Cn9U5N7cB4//4Mt5+ppbFtOF2nrOsBaZQWJuUjgUyKsMXUmRKQ3sDBxhFU1oBlTt/HLOsOcnqw0fADjn4JQBABVEQ1iABoFWWjFC/SJ3llqjbsg125U5gV0JwFiuoorc7U7ma1/eU2h8fNypfqqZq86Nl2vx4X0zL1935+Hb4DF7SBi2mM1igxGU4xQ6iNGXgIwEhJ9BSw3uMBATKOfz62P5cney0hQAMBq2XNNASarQbg02EdMMRAPQGgZof8atL3MJcefhv48C3jJ96Ifejz/9y8+J8UptfW2zs8kNriil6p//zEe/7bq1Zz9P/3xlheaoZiWmUJQZxsMAm5GGyFFYUoBRQBEKbVBQTcEYAaEazVINjz//dfOJU5+ZSeK1W3qjfqkdcVCjDoMwEKpFDmRxf6F5Abs0AgB2KQAA8A9+/IPAzsKMV3S9iy8+SrP1hwtH082j3OseXYPviW4GP5QIjQJKhoJLJTyaItUcvjAxSiTS7XazP8hqv/+ZT7pL/Y3SlcHwSKvdO+wnYSHKezAtDQmlGCXDOrOfu7lxw8LO7oLdqV0LwHfSk1/4TTq68ljJCi6fGM/WP1QxR3f6tcxd5xRz3IRtGmBZjEkjQw0JAnD0iIk2UbDjYGZcFn/AjCTOrFi1rSS+Y9NPG5HUsCoMHjJAM8GU1drvNb928uhtu3qFyPcMABvrz9PulSu8d/GcGT3xTM2spceN3PaHXHTvzWdRs+YSOj5Gsb+ZoZWmkKsUB8wEJUegrxgilyBhFGnYb1AR/nQvEcdkYHhxMjgstagRqkF1BjsZgXA3dkjhwq2NQ89d63q/We0aAJae/gIlKjANuY3i2IHYnX0fAGD90lPozX3RPftr/0eluBeNnKuaIukdS1eCd+t6clxaopZmBKYDuJ4CbA1ZBQKbgEsJ21SwM8CmAJcEnGY8VcmsmQxmZhOTjyjjwmXocxuEaOhBIJhDu9OV2kM3js9uXmOzvGntGgCUSGyd9KazYKUgWo8tz/31L4fDQNELv/1v3dpBfpTLrbvFqn/E2aOatp1NJ6tJI0q1LfMUEgQAgdRA0AVIToNRAFJDaYAKBfgE6ZAgTjU0JK+QEX8HZZjSBp6ObbxkE2xLE/5ApcVROn/bkYMPHj58464d/H1TuwaAxN+g2eDKPh1vfpTx/qKB1iVbwQ3QPyQWWscr5XTWX8gqmQVuFQnQJIjaBEICxQkglwNGfSDtKrhVCploGBagsfNDGUCoQuYDhgfICNBdgelUoqAzTAYZTqmCWizmu1Ok+dV9xamF1yrzbtCuAODMpz+JzsLXFdKeyWXvhEWuvL9UWQxdorkxrt3Os9KtHCbUmwQGawScMFg1IEo10hEArcFMwHAIinUCFgGZIKAOAA1QChgUsCoaRBNEW0C0TWDkAHsSKA0kjrZ8TBVVvNionEnYDf/PvvjxXd/6gV0CgAaAdHiMhd1/ytcWZror4LgVJaNJQHMEapxj8XmgelyDWoDZl/BqFMYE4C9oDNeANCVgDKjMEHR9DUAhU0AiKfwBILcA1deQQwXtUtgzgFUjCDd3PIc7DdwyG9m3suVpUf6Rg1q3Wvge2B+wKxLYL/zBvzuYPP/wP6O9M/9D+YiD3rzCqK2hE0AHGixTQAYQBkiTILEIaJXArRMoAWQJgakB3pXgTQZ2gAGGQsHSMAyg26ZI1jUEIRhVLbhFoCQy0HWBuK2hyoA5SZC0NbLzUngVazl/7z2/tvG14V8c/aX7+gBR1aM/fq3N9IZ03QOw/OJj2Pj8v3mvvNz6VTW3eacxacFpUlBj5/8qI1ASINDQGtAECIca0YoCAg1eJ7BmOawmxXBAsLlEUNujUNuj4RoKpqERZxRByvDoII+HwjKoJLh12MdxMcRkPYNTJ1BDjWRRwsoDZgViMMc22cT0X+95p/dJ5pbnCTO69R/8nV3nEa77LoBwk1MZVmgtqxFuQvY0okW5k4+H3pmYoWQnRNMESgMi3VkpRBwgN0ZRnwJYSWG7YOExu4RKqjAbJFCMgHCNCS/FcwMHp0YeOpohIRxBoYzMZrjTGKC6moBuK7g5ApIDRmcV9xpiwtuz8hGE7q0K0Z9pp3H/xsP/fH383t/cVWOD6x4AapgIl2nKEpLaTMEcM0AJdg53UBpKECi10/oJITs+LSGQqQJ8Bd1TUAGBXaHgJkHPsfBcYOOZgUCmKSpeinun+jjdyWOVOMg0gSIEbWLiaVFEGBCcGA1wwItAbYVwDchNAZWbCOW2LDE1vFUlwiUGVcwyPzd86lfWC3f8r7sGguseAEKZoMWJVd1KzsSt7mE+zCg1GCjbCd2k/ubcPEDZVY+QaGgKqAJFWqCINIHygUxrcCkxkgwBKJQmYFIhjgksIVGn6Q5ZKZAqipQRnFUefI+hhxEOjHw0PIHyjQRmjgAaCCNiB534cGq3/mEIXVIO+9zTn/uNuZMf/MVdcZDEdQ/AxP5b8I1//68XYPqfhZc0lAxPRFHqEUp2IKCAUjvjAKU1lCbIJBC7BKJMEY9TpBrgGxqxq3CY+rAdiZgyyKFGrZfC28xwsxrhAAgY1yByByzf5uhQA53EwOOihLZr4AMTPbh5gTQDOj7F9ogi3FQmyfvHrLGxluGyR43rfmT1LV33AABA4fjRvigNT4UDNh32N2b8bsdjhID2NFgBQJ4iTRTCgYYUBNzWIDYB8ShkjiBgV38XCge2fUzUEyQuA0kVzJGEE2p4pgDpSnAO0CqFYoBIgVAxbDAL84mDS9zFi1xgT9TH6pChO6JIRgRpRkDizNZS1igRNrf0rllncd0D0Fp8AaH/hNdja4dHw9Xb01HsiRqF0gBhBKRIwBKFiBAkBgczKGABxNWg0GBag/KdsQFjgJtXsFQKtQVQjwJFIOsr6IiAeQC3AQIFaMBigEs1CkSjKIHlxMJWl2FeUgyGBIJQsEyDlQi0xyG6rZlkOfmJUS5oX37mU2f2n/jIdb+L+LoHoD96zO2vPXU8jDd/LhH+j0Jwm5ESaKwgSwLKzqCjDJYWqNRSMHAIzZFpBpHRnc2eoQLJFEge0BUKBBpINOABxCCg/GokYQHIEeiRAhEATAZOKHIaqNkh9vMROinQChmsGOBlE4pboIwBpoIahM1E9z4MZvprX38knL//E3OzP/nfX9eh4XUNwPqVz9K15b+aGW2u/VgyFPeaY0dt7+ANMEgBepQhIh34w2VE9gaahU3M7O2DaI0kMBEFNoLQRpCYiGIKKSl0qkF9DeYQYIKAJhpkoMHyFHAJaFtBDwDKGDgHHKaQcxLknQQ5LwLlKbo9AxfXmzDLTThTM+DFSTBpA1oiq3cRDOZrcq3/4/Hy6pW2W2wDaF9rO34nXdcADDfnS1G3dVcyEPeSaLJUn30vxg6dgOUUkMYBom4LvZU5rF94EsUy4NUVLHMEiCGytI/It+D3XAz6HoaxjTBhkIEGuAZTGsSm0A5AAg1CAXAKLggcQ6HoJSiXfOTLAUw3BTUIoE0obsBYK8CcOo7mgbuQq0zA9grgpoU46KF1+QWsrX52Jop670Z3/cXLT/5Vf/9dP3bdhoXsWhfg1fTEf/wlOxls3BJ2Oz9FSPXOQv02xyvUQSmDlgoiiWGYDrzKGKLhEF5xD4iogtqT0JqCkBB2LoBXDOHlIzhcgUqGhJoQiu7kCCwABoAUIDED5xTlXIaJxhBjUx0U6kMwUyOTZSTqAOLoEEabVUSYhF2YxdjMEYgkgkoTUM4AqWBaBfSH6zSINrjWyaKVb8z/zqe+FF1re76arlsPoI1gwm8v3ysSdaIyc5M7eeM74LfX0Fu5jNLUAbjlOpx8GUF/BdpRUMkkgjUH9viNSKKzyLp/A9tagON14JZGsPMJvHIIZ7WCre08fNeACiXIUIO4HK6hUckHGJvqIF/xAUqRZA0E/XGkyX6Y9dsBVUR44WuwDo1DmwkK49NIRgOE/TZ6y/PQSiJXaSJfHaexb9YIiw4Fw8UagO61tuer6boEYPnxT9PVzT/ZR3XvNlNUp/Pje3l99mZU9h5GPOzBKdZg54sAIdicfxzMZBBnLoGmDAQTiDcHSLpvhxw/jiw+C0s9CzvXRb4ygmmncPIJttbr6Ic2NFXwaILx8T4q433YXgyRuRj19iI17oEi+6D6KYjVhFEsgvQCuKaDLCfhFKvIVceQjycx2loFoQxudQxRuIqUOabUfomgV2gvz6E2ffBam/UVdd0B0F2/jNZLDxe4k83aPJum2rIdrwDKTZhuAU6x+vK1SitEm2toTB6Bbl9GfuoAmG1DzC+CEgN07AiiYBphMo6cehaeew5WLkFjTxuuJ7C13ISQEmNTmyjVfTBDIAwbiPR7EAX7wcgU7FwZgqxBt9swZvbCuvskyGQNvcEZJNEATr4Kw86hMn0AAKA1AEFABhUTgkxIWzaXz32B4zpdOn5dAbB4+uOQWWS2N5ZO6uTAD9P0hlkwm2ZlCSkzcHzrrGatFZJRF2l/C7nxGzCsGCgfmQWnDsxaA8R2oPsj6LVt2LPvhCzfi41Lv43G+Cm4+QzFWge2G4AQDSuXAFKh12piJH4a5Rs/AjpYRnD6NPThQ7CP3QQVRSDlAtSBcaTREKIXwW8twclfBZLs5H7CYQvR1gbs9YJJcs0jqWe9O+gtzT/30D+6UGO3Y/pdv3AtTPuqut4yVt6Fx37rR5xy9V/tueUD75t0j3r5FoHY7qC3dvFq89qRlhLDhTOQvQGSUQd+sILO5kUokyH/znch//a7YFSq4F4e1HYgFxLEZ29BB/8S25vj0NBw8hFsL0YaMWwP3we993cgv8GRnV+Fc/AwvNtPwp6aRvHYbSi+/W4E6QDt5XPI4gi2W8Jw6RxACEAICCHQSqJ15TRsw0NBurSQy00Vmvq/Nu2FXwZwAtefva8fD3DxyV/l/fZT95jF4S/mK4dP5hsNO90agnIGWavD76whrE/D8srI4hHisI3W5SdBi3loRkG5CZn6gEnhzc5CKwVkCXi9CkiF8OxZmBlQ3PdhrH9lC/HoYdSm1iF1Ga35WTiT96EyfRIj7+vI2hvwbr0F+TvfDsIouOsijX2Eoz6kVCCMwCo2MVi/jDTyYVguQAj6W1cgkwjlI7dBFqagDA3D7VbSuHNXtrV5ccDWVwFcVyuJr5sw8B998J7pNBj9j17xwDsqk3fnDa8J2BbsyWnkpvZCygTD7RUwTrHy0uexvfYXGEVfh1M7BLd0A3KVcYwfugNuoQHKdo6QoY4Ds1ID4cZO2Firgdk5DL/wGPi+dyMmdWjvfZBb+5HNb8M7cBiq5ILX63Cm9sKuN2A4ORDOQJkB03ZBGYNIQ9jFMjrLj4E4GiLNAFB0Vy/CdDzk61PwZYh+0IPpNki+eMiCqqhU6Cv/5L/9idVP/PEXr5vPkl0XAKzOv+CqjH4sV5z96eqed9S5UyP9rUWkIoDbmECu0oTMUvTW55AFXWy9cD+gL8MohBCxi8rknahN3wy3MAbGTQBAlvhIYx+gBMxxwYsl8MYYsvYWwmefR+VdPwEZlGHaB0CkhWxtDYWbj8HZtx9GvQHNAQ11FSYGQikMy4VTqMKwbCjto9//MjI1h+7cWcgUyJIEXm0KTqGKQa+FXnsNhu2hPHGA5yqTeWrnLKnk5i/87Ps3P/HHf3VdpIiviy5guH7p3tqem+5zC9UmMy3aby0h6G2AmzakzABKwQ0bMo3Q2boINeiCKgPwAaFHMG62YefKIIQiS2NkSQC/vYKguwGnUENp/CDcPXsh0wSQGbyTd8CuTyB45jlkPoV79CZoAtB8HmaxiiQaobt2EYBGcewGOIUaKN3xAk6+Ci1jtBcfh5FlQHsA3fYxkgXw2mFAa6RJgjRNgavlSdKY5kv1Bhh/n5CJMDjtArguvj3wpgGI4pgTAkVAlGVZ3/X9S099pkm8sY/ma5OHueWYYW8TfmcVSTiESGNEww5ypSaYaYFyjuHmZXChIEMOEmoYJRumlQNlHMFwG8OtJSRBD4nfg5IZTLcASilAgUxE4GMNVH/w/TBrNTDPAwA4k3thVGrg5Qoo46CUIY0jhP1NxKMerFwRtldGsT4Nw86BMRMqCMEHBsBM0Ewh7q6CGSVAK0RBH/GoDZUMEfYS9DmH7XjcLdYnVBbf21p44TTeIABZlkFqRYWU3HPcNz3b+IYBeP7KRUoIKr/66d8++cO3vfOx4/tvCvEGlklHUXJsbO/EccPJ2SpLEfQ2MWotY7S9BNPJQ4zNQGsNw/bglhoQSQimJJRkgNIw3TKY5YAQiqC7ifbii0j8LkAovOokrFwZhHHEfgdBbwuliYPg5QYADe/W4yAAzGIJZrkCyhiSoA8QCidfxWh7GdtXTgOEoNS8AU6+AsPOgXILudIUImECkkIpIA76MCJ/p6swLRCZIOysQIkUWqQo1vcgV6hyp1hvEsrvAPCJN2J3Qgg+8cU/s5MsPfnFZx9b/pHb7nlTG1TeUFhy/1MP8kde+vr0z/36L/98KtIT8xtLOx3mG1Cm9GwajQrbV16kWRoChCANBhhtXkEa9MC4AbQuLd0AACAASURBVMY5DMtBoT6DQnMWqVRQSkBIBW0WQagJgIBxE7HfQ3/9EvztFQAElluEFCnCQRtaKRiWDXCKNIvBJsbAJsYgtQDhHKAUfm8D0agNy/FAmYHB1hJ6K+cQDa9O6hEKZjpw6jOItQ0hMiitkCYx7EIVhpOHk6/AdvPIgh6CzipUFkErgVG/hd72upmJtPnUw7//hmzPOYfJDUoJaf6rT/6fv/RbX/iTI3/41fv5A8+deiOP++4B+MMH7+en5p5sPnz+ix/2s85HNeTcmeWLac5x3lABtMpqQqQ86G9BSQm3NAa33ISdr8ItjcPJ18CYCUo5vOoUJo7eC6u2D5lUEGYRAia03tnglSuNwbBySII+stgHNyxwy0UW+UjDEZxCHQBBGvnobsyj111Br7uMQWcVMksAEGitEQ070NAwHe9qKQlsrwLDcr8Z9gPEQMJKSKmNTAgY+QZqe4/ByVfBDRuGW4LpVeFV96A8MQvTyWHY28KwswkpsjeVD5io1GOh0nOJCt/1+Rf+7J8sdRb2bQ42eHfgv/bNf0vfVRfwc7/+K/RrF75eCcTWPYPkyn2T9VpoGOoUdpZPvCFJkRqG7WGUrSAedeFVxtE8eBJuuQknX0GuMg7CdoIV0ymgOnMMo607sH12CLM2iywTiP0u3FIDVq6A2t6jCAdb4KaNXGUcjJuIRh1IKWB7ZQCAVgJZNEQ4aAFagNsuVEWAADCcPKJhB5bWKNT3oL7vFmilUNlzI7jlAlojSyL43S0YxQkYrIG0fQnVG06gMnUEhr1zYFi+OoGpm38A3LBRHd8HTQiiYASllSBSDu+49xfecBTwwbe/V/zMv/vvFm6+YebMfPeJn77YKi1t9DufXt7urPeDkSjl8q/7Wa8bgF/51H+g51euVAajjZOSr99nOf7MbOXWv7B4vos3sUUqS7NAywyj9gostwCvOonK1CGUx/cDhIAyvrPUWwOEEnDbQ646jaBxEO7EEfQ3l9BZPg87X0WuPIbG/ltBGIMUyVV4OJTcOQaeMg5CKEzHQ7l5A5xcAUopuIX6TvhIACUyKCnAOEdxbAbMMKGUQrG+B5RxiCzGaHsZ/a1FuNVJeMUqRoSgNH0L7EIdlDFoDVSae1GsTYJQBkIIBp11SJGCUiq0Vm86GXRs74EUwEPb2RM/2Ynmf2q7l7ZGQfbgv7n/91r4LuYdXhcAj5x+Dl8+/SUvlr1jftr5h6bRuccyCS+63unjNxx/U8ufGWVdJTJhmDYYN6DVTkukxk6/DgDfOoNPg1AGszAGqz4Lu9iANeqhu3YBhpND8+BJWG4RpeYNiMMRCOXQWl198QRKptDagpYKplOE6eQBkJ04n+145XjYBiUU3HTAuAnbK4MxDtPOQYkUo+1VbF16BknQR2nqIHLlJrJoCKcyCWbYAAgIARg3X85JyCwBtIJlmmDcEIIZwzdjMwAwOVcAXnQML2VG79atvv0xg/EwH/BHf+8r93f/8Q/95OtqlK8LgOcXT5v9aHs6Ue0PJGi9t+xFBQavG8Tp8sGJmTeV0LDdfBx0N1Ti9xH1Wwi8MihlMGwPhH4rT6WVhMhiEEJRbO5D5PdBGYVXncBwawlbC6fBTAdj+2+FYXsIhz2EgzYM0wE3bTDGkUQ7UPS3riD2+9BKgHITlptHoTENSfnV7mQMhu0iCfoIh23YXgWW1ggHLWxcehqD1gq86jhKY/tAiUa+sQ9uaXzHW72ChMyQRiPEQR+UUFNm6cS5B36XH3nfz7/hrnNha0UB2HSMYtsu9KY3Wu2TiTbXwyy3uT5Yeq7T98NqyXvN57wmAA8+/w187tnPuL1o/Zhi3XtzOb9WKlAVB2YaJsIve7k3VIEXv/QJAMRUwC3RoG0n4QjD1hIYN2C6BXAr920bF9M4QDBsw3LyMN0i7FwRIo1R3XszNDEw6m6ideU0DMuBU6wjGrQAAshyA6blwnRySIIBmGFj0FpFFPSgtYJhOi9P5Azbq6CMwy01wAwbIt1CNNiGzFIQaHRWzmGwuYRcbQ8aNxxFsTGD3uoFFOrTcArVnbMGtN7ZofSfSWYZ4nCENAxgGKZr5IrHE397GsAbCuG2B108evZJ+pmnvpBaVi7M2QTlYuKprPuuSLqn2763/I35s6t4HV3zawLQD0bcczHRSYK3a9E77FkUlqmQRYDNHX5xfaGZs53NlxYviZtnDrzuSmgNDugj+cr4u9xi3a3OHKWGacN087BzFRDyrYGyyGKEow7ScAivPAbGDDiFKjrL51BszmD65h9Ae20e7Sunsb14BsWxaUgprnoRCm45MNwiYr8HQg3U9t4EaLkzi0c5bDcP03ax0XoKdr4MfhUKbtrQWiIatJBFI/S3rsCrTaF58HYUG3sQj3rI4hCFsRtAGYc/6sG0HJiWDULYyyCYtov6nkMoNaZBCeUi9ifmT33+3tVzDy9MHbn3ddsMANqDHs6uXOaM2rUjU4fMi9sbyjA0ci5BGA0nDDN4O2HR02dWLrbwOj5z+6rhyMX1K3hm/hyemn+WD6PePtPMjjtuZDNKYJkaChkHUv7wmac+stlvH26PeuZDLz71uipx/qmvQGpwqfQ95Yl90+Xx/by+9yiK4/uRK43vjLYJgZICSmQI+9vor18GtL6a9TNQHLsBlldBZ/k8uGFi8sBtqM/cBCkluqtziEd9cDMHEIrY7yKNRkiTBFsLzyMNe+iuXUJvdQ4qDcFNG4RycMPc+fv6PLI0gmG6oNTAqLuO/tZlOMU6pm66G5WJA9BKY7C5CMMtIlduglCGcNhD0G8j8AfI0hha7Qw+uWEhV6ihVJ9CvjoOrzrhucXGj0mRfVcfo/7U176Iy5srfG5jaerxC8//N3nbcaVKTcsEOCPIOZJqGt7a9jf2fWPh6/bpxTk8+OJ3zg98Bw+gKQDvyPRU6SvnH5sF7x8uuBSjALAMTTVJXMqku7c+sfkv/+jXf+P22Zv+2Uff9WNzeB0jUEJA3eq0R6Bvay+eLbSu/BlNYh92voI9R9+B2p4boaVAb/0SsiREmkSIBtvwKuMvtypmOpi66R2YP/V5tBfPYmz2OPYcuRvViQNYfO7LkEkE087BtFzEQR9KSQAS3DCRxgEGW1dgmDaKzZmXR+qliYPot1bAbRem5UIZCpZbgExC2F4Ze29+N5xCFSKN0V29iDQaYe/b3gO2s5sEUgoImWLY3YASCSpjMyg19oBQhjQOsL0yh+2lc1BKma5XPZYMuicBPPa6CdCg/9v9vzuVyexf7Kk01UObT/jMHtQsC+Bcw+AMQvSmbe7edNuhQy9gp4v5Ox/Vfl0AfObUw9Oc0JOUCW6Z6WQMv2QYBJxpcK7BjJQWHK952/6bH94cXfnfg6z50S8898DHW/3heqNU+M4AJANKmNGkTn5qsLFgmrk8KtOHUKjvQbm5D9AS3bUL6G9egZISSgqYdg62V76a9AGgFMLBNrhTQHf9EipTB8GtGrhhw8qVoUQG03JAKIfIEiSjDig1MH7kJNLIR6E6Bco5bK8EenWw6VUm4HplhN01DHMF5IpNmI4HO1eE7ZXADQvQCvGwg+HWFTQPvR2Ecnyzyycyw6i7hqCzhiwOEY160ADKjT3QSkHJFJQIcMNArtIobJ174p7vBoDl7krFtdT7nrz4zJ13HPjox5v1Y5Xn1/7SM9jOomRogJoxz5ukYXLrxCNnnj7cHfXPdYfDM5VC4RUheEUA/t8nvuz+X5//g/fvrY3vPXnw8EXLIp6QGWWMXj1MCWBUgRDiUnD/hinibkcv3dNQ5l89d/lCG6/xYcV41KeG7RVK9b3u2F3HQLSGFAmYYYObNvzuBoLuJkQSQisNrRUsbxJusQpg53eRhAj7LfRXzyMJRxBZApHGGLSuIAmGsL3Sy2GYEhmyNIJpUWThCJvzzyIetpGvTWFs/3EQc+cNUsZBOEdv7SJMt4BcsQFuuaDcRhwMEQd9aADdjUsQmqC1vgBuO3DzO2OWfKWBOBxgKFKILILfWUPH8WDaLtxCFeP7bkF1YhZZElNKqb1tPn/T2jN/yQGIyRPf+YSRx8+fo//x0d9odpPFdzabacXLMV/pvKuJMCklYHTnbASDK3BOShpZ+LmnvnrLKA4OTlUbLbzKQpRXBODFpdOHM7X99m0/8QmZDSkBJ1SBgL5Mu5QEUsmw648q+XzGTT6c2R4MTn7u6YcWUplumsx81cowoikl2mXcMMN+C8PNBWRphNL47E4M7/cR+z2k4QDQBE6xjnxtaueFakAJiVF7FdGgBadUw7C9gv76JQS9dST+AG6pBsZNZGkEmvjIohFUloK4RYAA3DDhVSZgeTsTRcA3R+4EhpXb8TJaQUkBKVJwy0EajdBbu4RCYxq99cuIkwyOIogDH5QZsJw8csUq4tBH0NuCzGJAScTBAMGgDccrQQMY9Vpor8zBdHKcm1YTpuUCeM28wF899UghzdKjmvWOViuZl4qkloloHpoJrTUnFCAKIFRDA2aUBn43XnUpIce/Pv/E08MweaDgWn/HC/ydQeB6p8fnW2cO5wr+wUIxLoBKlQkVK0mv5mU0pIISmRN2hsPlJy88c6xUjLlhZpX5zfW717obUy8sXHz1tw+AcVNRbqRaKzXYXMBga/FqKCYgxI7zEFkCkaUwrq6wsb0ywkEb/c3LO1OtSiEctGHn64IZTn+wtSREEqFQ3wPTySMctNBZPovO0lmEvU1opUApg8xSiGznpeZKY2BXY3etd0I4rRQoN5HFIYZbixi2FqFECidfgUgCbMw9Db+3CW7lUKiNo9daQm9zEaPOCtIogJMvIVdpwrBykFmELOxDZjGUkpBXs4yGZUNmMaQUSlOmNP3O63LWu9v0peULjZV253aNZKpSVPbi9tItG91O10BxM8m0ItAgZKdhaoXQYKaqV6Tt5gb7uvHC0Yuri+4rPfvveICvvnCq4qf9Q14+aniuiFuDbTcI9ZY23FDIyNWawA+IMFGfs2hl9dTCo/dNzkq+usF4Kv0Zy1bTlzaW5vAdugHLKyhiWK00DlpedUJRSmnQXcewhZ0JGwJIkVw93s2GSCN0Vs4hGnZjEft+efIQN2wv1NAvKoVF087Hdr784VJzf9NyizSNfHAzB8P2QBlHGvs7/X5jGlKkEEmEUIqduF1KuKU6KNs5dChLAigpkSUhtJIwLBdKih1YTAfdtQuxEsm8YXI/HW1PCYUSRGx3F18ITSdvG47H0yignHNkO8eYgBsWtAaCYRft9UXILEa5OZ0G7eVlKfXLdgr7G5RQgxJClZ2vvNxaF1vrpmGmzTAazRoQpVJBY3Hh/J0/87Z/aj5yafPJdnftg0rBBDSS1BSUZJupw816mVQ6QVjRJD70xeeemMbOt42+MwB/c/YbM8MgPthoygroiC93LzfzzvjCSCRz3X5wq5JMtbedNhelL+2dOlq42P2tk+Ui5VdWCHVdUbKtrLHW3bTxn7m1S9/4QkNmyUwa9ELZubw6WHxSufUjiFYWwunb3y9GrWUz9vuwCw2INMRo+QJkrwWveQMqkwehZYbe+nzc27h8xnIKj3HTPcoMM1ZS/J5Ik0XDdF1uuffYXrlGDdPkVg5uqQmv0oRh55DFAeJRD4yb4KYNp1ABCIVp50C58W2Jm2jYBiUEbrEBt9REFgdXp4Bt5KsTIJT42wunHyYy+VrUH00wO//DqYyPhr2tR8Pe1j5m2kfLE7MFd3IWAw6IyEc2bENVpnZCW2gkUYDh+gL1zz/rBRfmjo8qjf7Tn/2/vbOP/MmsYeR8yu0Xzj70p+s3vecfKADY7HXMYp5U2klW01DcNAHT3Zie31g7adHq57u96gmJwbTSihsob2bUOX9+balp5pJpT2durxPv+9r5Z2eTNLlgmd/eDXwbAFGc0Z/4tV+YipJkijNiM2Nkq6xzU81591y/PXygM4ybcZrysWLj0arTePiFpefuaTT6ExSUxglBPqe4YQh3GPrfDpZIa5SQD9jFsX2sPLHZX3tJrDz+GY+sjw4bYNydOQS31EA86qB1fh3B5ach2h0IppA2xqAEFWG/NQeV/T7jxqlk2L1VycTWMn1SU3doWp6bRqO2hlZaacgsgdIZ0rQPRRJIlUDrnTmGeNRFd+U87HwFxcY0LK+4c9YMAJFGUFKAUAqNFMHoCrJohCQIkYT9nSRVvhIz7p1OR9sPyCyxWZIoblrL3LQ/I9KolkWjjyqR3QUdFVSwjPjyBfR6LVAqIYwSsjiAYZhoPfugicefPk72eP+iNvt+vzpzkxsPO7ZM4y8RTV5k3HjZfKMopjlX2zlX8UQBQhBMNGPv+YuP/8Q7D73zf+ksrd/fGqiPKC29Sq744FTjyPJC+8K7ayV/2gYxR1HaRLYxs9nvmfhbyaFve1GpFFTzfoGwzBOS8Eou5TEGxxfbC897fN9DXWl6lKqJcW/fZ28an/K/eO5z737bYWl3BxxKExRzGo5FBKXmt1GmleiDsiuUkMMA3kuYWRJpZKK1breef3Rh7/Q+OKWx6fblZ8148QXQ/gJonCBaSCEZA3J1kYajhfr0jY9qicXY77egpW27heFN7/2IWDj1136/s7wpszSNBm171F5EsDkPFXZBlEYUjKCtHJRSMA0blleClSvCsHIvDywBwO9uwMqVEXbmsfXSl6Gy3s7klFmBWdgLQhlylYnUyZU33/bjPz8EMHzsD/+nB+xc4ZRXG58XIm9Gw86Nw+3lI3qjU0jmn4XaXIQ/2EAaDsAmjkEQkhpEb4rt1a45iKfUpHGSiHioRbrKTfcUIeRprWTbLZZftuH/19ubB0l2nHdiv8yXL99Zr15VV1ef09PTc2DQGAzAwWAIAkMQoJaEDnJJi9RSK4pByTK94XA4wtauY8MRtsMR3o3VHxuWbS3tkFeitAd3qeUhCqQIHiJBAiCIczAzGMz0XD19TXd1dd316p15+I8CZzkESJHeMb9/OqKj6mVl5u99mfnl7/t9jDJwUwvH1kpmQH9gYP+8ZFfolYeq/O/W9gXHv9jqsHqSp1Sy4IutQRK6peb9lp1WR5lBQYTvl9IwSjP7pwJAaQ2LK+oThSQlMCiF7Q4XR/1rj9zjP7CxbFbOUasaPTAX9Pq9Mw/f4zSWZ5jJnmkYKLkKjJGYm6w36dduW/+VKBpA8STR+pqm7AQx+H7D8X1SruQyi673118PDK/6KdN1ZzODUp1LUJIBoy5Upwt38hAt1fZN5/HwpGHQ1tTyQ9tzR9556/lLD31A/eBz/+tGMtjL+7vrGLU3Ed04A7F7FbTIkSkCvu84pChgl6ooTS6AMQuUcZCxwiAAYNDcgFueRNa+jt7Vl4DRDqhpwKjsB2UB+rvriPudnFv81pHq4L2PXCOWjU5zLSTMPlE/eGKpSAfu4NoO0B+BUgWZdpHsrMGqzIAwM03bu6/Ygfs0qU3tIyUrFUnSjpob16hhX4DBOtQw86j3H2UFqqUwl0pFzCBxyQV6fYq7pji9P+jX7PY3P/ipo4tf/LLcdymKW2o2DMWz3cvvqobDo4ahWZIS2JZG4ClDyreWNrsNAAY1lEncKPRpGudERTFFPZTu5GRyclGu8MWgm+dkIqgTI6hZV46WwmEtT+/C03Eb1alYRX2zJQVtHKjvuw1lmphcyoKlveaKmfcvcsMN6suPh+LgHkin4YrL37u/z8O8evxRZe0/hDTqUsgEdmUe/vxdqB56gJteeLy7feVT6aCdb55//psAerd5r3R4vXvzShr3W9CyADMFiJXDMAtQzUFMAyJPIIsMUacBxm2U6vtvBZaUFEiHLYQzh+EGM0hMCzABwgCiJIiQUFKqqNOIqWHdmp25k7+mXv3an/iO6552q3OfqswcfJiZPLSJiU4RI9u5hDwVYHP7YQQu4tWzlG5uuuaSlbJT933DPnViy7EmUkKoyrMiJBTTIFgjlLbwZgRvtlrPhyPdouANx6VpPDDs+nAaD3vrtsef/UAgb7qPlrwF4jR4alYfaNcGx3JfVnf6lGYZUYFHUgpjaHP+lo35bQAIXEv9zh/9w5ZwtjpCI+9H4LO+S0/UvIUjRX+hLBtKolAW905XjB0+RUssdu7B/uoPMKQ0piq8EsfG1t3zB26/hCCkBpBThuUFbmWyZZgWzbUR7N7Yrun1qw8wNzmJTne6WFruaOrFZPKw65QmwvL+ZW5PLoByB9wru7WF5ePtzZVPJtFw8OqX/vkzD/z6P7pVrUMzthp1dmKAwLR9FG4AYftQogAMH9TxIIoUhmmhXB+7c4OZIGR8BMziPuSbEUdeqoCWJiFJAkIZwCdADQeEMqFNu6NN51a698r3P8fiYXzMCeqfrMwcfNgNJkKlFOVTB+Cpx2AE+5Rub8fCd6J02FOyvRUa+d575Z5/KNtbOcOKo2+wcDFVRUapIcsgaIOQmFByi2hzeHZOQARNziqXiO61ZkMyf8Q5gnvcLtXmxWVlhEv7AkFp0eCJKdUpFtCzoqCDYQzDgCi7Ri/th42y5/90AADA4enl7Uu98xu2ReLOEH7cLmNhYprO+g1kcUapwUAMi0vpggQVJCZQCnO1tetuhPb8sxVzoXFwdvq2PQCl1FaUHKGG/QgvT+fMcm2mdGCVJmrD4bBmuIUyIn0lblw/I53aDW/uyP5w/72nKONLw27DzfOEWn4FphME5amlU0WafCLayzoXn/7TM8uP/54AgInpw2tSyB5lXFBCGDXnwUoE3LJAzADaCaFkAS0lnFINskhvu26O2jswuQPDtGDYZXhzDwLyKIqiQJERSOqAyDyVRbF97MHTt4CX9DtVJ6h/MJjaf8opVcM8S6koUox6e8iEzvncXS0VVFc6jdULutcXJKXHWZ0vxRtDV9h4lJnOSdNy41zJmBj5mgYuUWr0GDNvjaFrmfjfvvzZzqVWcqYTN1dqtagu/YJrM4RKXEpgu6bPQfICNRtU02m8dIMijlJwW+fcsLfD0qGNqTB4yz3NWwDwwNK922eee+ryIOu3On1Z3Sk02/FjTLl9SBQAB2ThoYhqUFriVfEabvRVixaHvz4Z7H/hV46/b/DPf+yZ3Ha3daq/TpmVwnDu0YZVowZ6TrhvO509nPOS2Ka5eE1T87xfqze88txsHvffnww7H6TMvN+rzgayyKjIE8rdoBpOH3g0T/pb+ai1DWALAAKLNfoSG1KqZUWJb84swF06jPLUfhiGjUFzC1AK/b11JMMxW3du+WFYbgCtFUa9BtxwEga3QbiFyt0PgTsu+s11DFvbgCYQWRITSrf82fvU2sr3AGi6t3LmqB9OnXZK1boGaHv7KmSRQ4k0zqLW6jCNv+u45W/45ekLVNoiDVpHZMk4ApPMmItV16C2S5g5oCZfRzY6L/JkRYq89473/95tL9FH3vX++I++uXZ+kA6e2mpdXTgj3zg0bRXUUhMwgwkokgKZgooj7Ikhbu4otPsUrssGRuFfe+zYg6v/949P9tsB4PTyfdGXXj505ep6d4vayeJA99iZxghL+yNMlEwIzUB5gGFrAnnnLIjOMe8+9jVz4sCfOebU2mP33v8WlB144Jfjlee+fF4LuTbq7lQNbrkalBokEKV7TgvPqQych2c71sRUXjt0HGvP/ttep91tEmZtB7X5jzPLOd1avxDKPMG+449TN6zXS7X59zd7Oz849+SntwGo/e/+RP7Kl//FigQ9bfuBb9plMNMG5xNgnMMwdlGkCYo0Qjh9AKbtjAmcGhB5iiIZIpw6AEIIsmELblgHYw4gKQw2pqvJPI0t17kOAEXUAwBu+ZUTllc+YpgWi9o3kY/66DXXY12krxAl/0Km0TeV5W09+KH/Jk1bF7G99o7tm6s3nrcm4LOAsmKU8Ki9k3PbG9jeRHr36cff9tJm/9Sk+tx3v9UoO96TUa9Utttnfj8lV/3cXsLk1BRovgHD4UiTHGd2tjAgGoVUYm/Pb5ampi+/e/lE8+2e+xYArGyuqTjruiW/cE1HUy8QUFaEwu2hcmCE0V6G7mYbKlLwnRiPzth4977Ht8GqWy2+lP+Pb9cKgKOnP6ww3rj1fsJHbtniu39bjTrrrY0LL3w1TwetqNtIQcivVqYPukopaCW5V5k54tf2P560dp7HWIlLWcHEa8RgHWZa0ya3oFWBYXcdImmhv/oGiPbhVmZQmpgFdzyY3B2//d0GKONg3EFv4zKa578Du16HWz8EkUpYbhlK5EgGnYG0/FUASHY3KICaW1+6j7thSCil7c0VJFEPWqRnRDb8Pyjo39z9rg9EEwfeoQDAri0D43U9xc9A1vhx+83H3ie2115r6lH9hmxsCXnzDKK4h2jrZVTmdlGa66K5y5HvSTiWjYqidNgvXEKHLqPG23I/3gIADQRDsXmkXh/O7uwxfq1rCn8iU9dtwQ4vSurODCALBRTzits2Jo8BnTyvC+T8TqrPe9X9CkD0+rc+813qeAPbnxDpaPD3Vp7+LJ1dfgSV2UN23Nt5b7S3/nmQ8YapVJ48q4ENBXnI8so8S/pob76A+PXnoa6tgexfRLJ0D1qbl7Fx/tuYWz6N2UMnMWxtwQ3rGO01sHnuzzF67QeIAxvDI/di4sBj8IJ5DDs7MaDWpEiuAEAcRZQQTJe5d9SwHLZz/Ryc6iyyZNhkzPyX1f1Hvnnw1Eci4B/fsTEBACkiZrqiWrlbIxKmks1QuZNNVppvg1KJtV1DrfekOtdwFHcVq08Oqw7vHn71+so0gLUff95bAPCZv/nL46OkeGC2ltUsi4kiuuuZudI9rzTSM0cuXrlxcnbemWXlyZ6R1J7X4h3p9c2phf/5W089NDd76KG79w++u7HXjBYm63cy81UAeKV19cynNTBv2t7pLOlB5Ak1rdJRd2Lf/QAuXHruC4NBe6PFndJZZnvHlchnLe7CG5ooekPoGY08bqL96rOgj/hwgikU6Qg7117F5oXnYJcr6F16Bnr1C2EY+QAAH4ZJREFUdfDJAqpLwbcJSsdn4IR1xP3WgNulK7LIIgAwuAUAgcGtaYOZNBm00d1eFYZBv2Ry/gLGRIw7av/0i5+2/5ev/dVyErXe87HjRzZO2bUNPeG2SOXm3+mlven2zW7vem/m/GR48sxi0TxUqp8/TVg/aGxn9//Jtz5/crO5s7GvPvOTQ8G73S770B/8g6UM0eKUhFufHLGhuTm7NQjbvnv4D//yGn5NXM1/e2Fq9qXl6Xv+2SF57gorP1i9Pnz5rxtbO/8wkr18GGfP3cnO3/u+/xwA1MVv//lKIYrPa9DjIssCEANOUGO8v3sw7rf9Io0HWonU8s1XGbffTw1j2i1PUeuh90FZKTqvfgdaKNAZBwQUjHOYlg1mmnCCCmyvhmRuBtnuDgzYqLzrQUwuvw/lhXshIeBVZ3rFqHs17e7kZ5/8FwA1mCY0JISGqshRnlqEKtKmyOJnCdGNg6c+cqeGAADw6b/+PH9l/elj670bn9rtdg7dH3/ovz/lDJ6PSieqL2yW4wtr5/4eUeWv1yeO/KtWIRedysrDlWo/GEaEdQbxbDpaO9KNIx8/dvV8GwD68cgu+XGtiIsgy0FdmwBhZ3E3vfArV9OTPdudvdQYXt24uH1p9mLqzD64/yPn3zvx4MaR+a9cG9FXTnWStf9sdc9t/Junv3HxE48/cUd1crVWkcGsizCda4o5J0aDDoKwBgJSl8nQLuIBDaoTAjK9Qkl5zS3Xj7jlSR9hHQZ1YPmL6LSvw7CrgMyhZAEnqCEbdlGeXAD3QpjOY9AzD8B36yjNHYZdnQLjNtJRTzDTbFpecEWnA1GdW0RWCCqkdE3ucKkkTUZdiCK7JotsC1LcUan4Fy5dYJ97/osLidj9Vbe0+9C8Gfa2ot7F6/f8/uAbrz+5dLFxbikphj3fmH9tb4Swq154Ymq6c9T3FG93GUCVPVERE41uO8BPA4BSGr6nWSw1TXPQNKcISsrOsv6x3t6V90y47/i+o2UrFq1Ht3uX//5FOteYm5g8U/HKPZMXbru189jqrnN1FD3bu769sXFwduGOLQUyTwXhXodovSoLcUJJBWpaAEhdg9iaUNgWV3EStwB9zWDWKYNxnzKOYPYQTD+EtX0Z8aCNyvRBJKMuTO4hSjdRqu1DaXLhzVtBDYOa4+OgYbzJEZCRyPM1KWTDYKbgJoWmNiWKcGpaTCsJKAXDYFswjJ6S+R3rd5zE+K/++A+qjeHVh8EbT1Rr6bQw7K29fi997ca56bNrZz5J/Y2TZbe8Nucupuvty49Uat37w3IRCEkQpwSMaVopa1pI9ZaN4G3/sBhXWpPU95BnGVXDiMKgoOWgCP1y73hzsHOfZXJVKSu/II33Prvy4qe+f+m1WiFz13fBDDNeGKR77+smjeNfeOFrf3tWws9hMu5D5WmkiqIhRQ4pChBqQMmiJmVuK1nQA4/8NghBJIW4LLKkJUUBQgioyWGVQthBbZzfz603iThjAgh3A3DHh2l74zQySseFCDBOSJGi6ClRXC/SuLf8q/81kjiCFAUl1GCEMppnCZJhTxVZui2FjAB6xwDwly9+2x6ke0eGWetxQfrLvic5qLDLbhg8deZ7v9VO1j5cm8irlsnyNM8OloLeiXKQ121Ls+GQIkkoXBuKGVo4pv2WI/ptADi3ftGNEyfknHCtgWFEkGYEtqWZ4ySzsWgezwtW8xxKK5W01kk2fvX1zYsfHWatBdcG81xpMx4v57p5fKVxvjqI75xCKiNUMcZjxq09k1vKtJ0xPU1rppWiWo3HnJk8zpPhap5G20rkP7IMEVDDBKF0HBFUEiIfB/SYNS4g2N66hJsXvz9OGn3TZJEpkactreQ1ChoDQHN3jw76PSaK3CcEFIRCKSGklDtSyFjrO3caenn1JV+S7lGTJ/c7dhG4NhhoUutH6S/faF35RFgZzYclUCGIvzfcPm45oyXH1q5WBN0+hZSAa4NFEQ/e2Lj6lpfyFgCGyYj+1YvfXpKZO0eVg5JHRJKOH8IMUIOJIJPdQ53BcMk0gVpVU89Ppm+0LvxuLLeXLAuMmwTcSmsGHx42WFy7sbNzxyRoTC9UCkiLLGkmw06cjAZQUgHEiLUmwqnNs83Xv+265TqyeNiQIl+TSvT0rcruYyk3YjBYfvVNsYkExDDAuI1h+yaGzY03M4GyW5J0UmR5kQy2i2SwYbtuunHmq9TySjBtl1Jm2hqa5mkEkeexUqqjgBT6zniAvd6Q9tNGoGjvILeyeZuDMgZqmNH01d2LnyBm7+hMXVGLA8Mkm+3EjWVC05ppatYdUMQpgWNrYTFLZIkfvnj1taNvbFy7LRfhFgC+dfb5YKe/flLqoqpF2KqUeI8xqF6fIk4pDENyibia5FGdMU19TyMMCCVm+7g2hlVCQLUmME1hu7aoe45RbfY7P5Ub+POYNmxkeZIXRdpUMm+NOXY5GDMjxkzhMJNvnP/+h7dvrJwCiFCyuC7ztCOLsRMgZOzOs1EfvdY2pNJQUoCZNpJBG7vXz46XAj+EfPPWUCsFJYqezJO1PO51hqPu9M2r50/OLh2mjuuBcZtqQsc6BKbZI4T2tFLiHX/3v7wjfe7HEeWWCpiZ1hnLAjJm/lKDZb5me8c9V/JqqEENgkImYSYHdUILLgTQbBkwDY2wZMSyKDUJGG8MNt759IXn6z/axi0AXN6+UbWc6F7L69ZtVtmmCLZ8D7GQQLNFAWiYpmAmL5jJxgUXba5RDSWTQtM8J8hzAosr2DZs02DuMI3vmDDi3e/7JIgWOTVIkxrGqlICRZ4CWgqqlSKqoJYXfDCo7/sHXnV6OYv6rWw0aIo8vbXuaa2hRAGZZ7dSxolhonvzCoo0QmlyAX5lGtmojzwZjvmDRdaRRXHDsPzAdMKPMsv7GDSYKAqmtXKUHLOHDWo0GCUD44dr0R2wOE1hmcy2Le2bXHKtx0tynoNWK4Izg8B1NCgFOBfMNAtGqKbtLkWWjd9+TksNpie3XG/oUt5avnTz8uyPtnFrgrZau36pVNTKYWfBcUd2PAxbBpyB+aYXGAwpGANcV4ExPZZYtTQ4H9fh7fYoioLAtjUYg1Ia6seTJP9TjREISNmUeXoxHfbyPEsgRM6EKKAZ9Z2wzkoTs49xJ/iVPInsIhk2lCzSMeWHgFIGxl2UJ+fAHXe8hGiAUAOWG8DkDrzqDJQoILIYUmSiSONmlo4iq1Q74YVTH+ducP+o2/aTYZfLIqtqLRH19pCn8ZZWasAYv2OawIQQSAkwA8riUATAYEgQxRSuq8EMDZNpUKLhuRoWB9KUoNUxYHEFraw4jmoNzybKC1oLQRCHO93d27J2bgFgp9PheaF8241qxF4/KqQKup1ymmVcFQK4uUtRFIBjaRjGeH10bA0px38be2NhBMsElNJ5luu07Pp3VAvPm5hVthd0LMs+R7RoFnkGyt0a98vThBo+gXrVYDxm3D5u2l5NyaKjlRwopUAoHQs85ONEU5GlIAQo0gheZWpMFhH5LdVPrRW0lKnM42aRxdy0vXd54eQCYzzO4kGQpyNfiWLW5A4oITk1+TXKrQ5z3DvWZ8+21SgRqdIk5iYVhGp0uuONnUEBzhUIGXsAxx7zmnb2KOIUyHIDg145HY2oS+z1Q5bXXyBU2Xu94W3L8i0ArDY23a1mXAXRvFQeLPjhzUNRLMJW20EUWXmrzdNe31C2NW4QGrAtjaIASr5Cs2WAmeOybYOIsr1uwa41rt6psQAAHHrXR1XU2orSQeu8SKNX8nSUW15l0atMPWFwP3Tc0tkiGbWU1gFzfEsq1RMiHyhRgFAGw+TQUkDmGYQoYDo+RD7CsH1zLBZBCIo8uVVSXikZKVk0CaUUBp3XRCsp0rVRvx0S7hw1LOeIwUwQqAZR4hKU6nlO/Y55gO+vvEgHEWXDyKCFIMowgH5EQcfJH/ihKh8h47lIUqoaTZ6OIjtv7HpqOCKuV95dKoXtJdMU9m47dzf29t5+E9hLm3ZnEIf9PmUW17Q+1a/NzXeqzNBIolqLqZlrorA7Y/c//o7JACkB39Mo5Ng7DIYEzbZY2Ov3j7xy48Xq115+4Y4KJE9OzuXhxPSq47jfGnW2t6TSPvcnftPg7n9HvYnf04wvDvttxFG/r2SxK7JkoKR4M93bAXcDFMkQo2EHhuUhmFyE7YWozh9FniXoN9fHsQODQSsxACE7jFsR0ZoBUNzxXWq5Dzt+9eNeOLWUDNqCanXG4uaKZZL4wCPvvyP9vLy1hUvbF/ysSI62e/JIty8ZJYBBNSyuoRXAGfDDyTCYglZmZMj6ajqqNwgx88mprj8716p6nrRHMaXtXmHHonebB7h1TJsoMwWDiiimGEYUUzWJAwspPEei1fQjZLNXJBM9Svunf/gdw9AA0bC5RliSUIqKwdDKC5XOBm7/EU0HZ280N1v4/3D1+ZPswKO/pS7+zZ/2lMbf5JLcozT5TdsrzxLD+jDlHkaDbhr3WxdUkaxQVXARxD2lRA6Am7aHUm0OzdVz8KcOYDTowC9PglgeDMtBa+0CRnsbmFq6D6btI0+GsVa6JfN0Kx60tyyvfDyYPvgBJYrHmF2aNkyHtVbPrcbd7adMw7jmlyp3LPz96vWLNC46szBb75JpvBzHpkgTqkq+5J6rx6RdQ79ZQ3lc6q4eemumd2AlI5tHKpPDWn0yAecanZ6B/pDCNImaniBq70fauQWAfdX9A2Vubg+yZLHVJa7vUQS+Qn2yYIw1ZtfXBRWZpShMAZ0xAKAEoJTANAEhofb2ymtlPtmsBjuLlKTH+0nnxHMrL138V9/5SvrJ937wTo0NJsKySCVZFYr+UWv3BlOV6Q/keRz64ZSIentniZL/PghrZ+Lu7pKSogetcwDcMG2U6/uRDtro7VyDMzEPp1RBv7UNogVGzRsI6gsI6gswmKmUyGORxz0iiyudm1eepaZ9srZ/eVGLvJYXQvRXzzW4Qf+dQcjXRZ4ODr77Y3ds/T93Y8XuJ9EJx41PTVm5onL64mggaaIaRyerhZ2SN9MZ3hTQAijy3AhHxerxfQvN6claYnNTI8kI2h2C0Yjm9Yo9EGnltou6WwB416HHmlf7T65g1Dre6Riu54zpxBbXCILc98vNpas3TJRHPxJP1uOy7QRK6aJy7e7Z9/6xYDf2FfzG/M1m75CI7fctlM0LAL6LvyVj+OexqZMfRef6CwLAlc7uxj8WUeuzo72NQzob9AizzjPT3fZr0+nG6y9MO+FMz6tM59wJQCiF5ZYxfeRBWOUJ9BvX0d18A15lGvlogLmjD6E0uQDLKaHIRgpQQusih+o3SyXvy1k8yrfPf/eTaTpaKFVqV2Sh/8yZWfyqG04P7jr963eqewAAz2WLl6/eeMKv7B1fnDd6RuGsiMHdr15tvfxrIFunCSG3ufIspdhud2ZnpwUNygU1zfE+odUxsLtH4bkkrgf+hiceanwHT9363q3J/PijH9judr3vVUrWWiVEvrNLcHPHgBAE3NSoTyg6OSFpu0eRZmMlLE3GRxWhVX5gav6FRnd3NSpuLpV8WS0Hmo6y+OS59YuPPPny02+bmPifYj9UCcCYYfQMgM8A+BKAawBiAiiTijgf7PbibiOVRQqZJxjsrSKPu5jct4xSZRZF3IMfTmN++RFYfogiiyBEBiUFiiRSaaehmi8/KQBsA/gTyWvvYeGRu2oT1ScA/DsCPbiDPBgAwGA0omevv/Go0Okpxym474kwKrYWWvFmdP/SwacNigEh+j9GKyWw1zXge4rNTknq2hqUauw0DaxvGbAtqKkJ2hwNghd/+9HfuPajbd3yAL2kox4+9EtXzjX7Z2vhjXmD5tPNNqUm05ifkXAchZKvsHGTodmm2D8nofV4H5BmUBN+vTOgw0VhtJdMXri+RyFpVCWGf+yuuZklAGfu5CBNHHzob/3MmS/9gertPicKsaZgZACR2Fr517BLU5ja/xHs3Xwa3Z0X4U+6SIbz2Fn7LKAJpvd/CJT66GyfVa2NVxXDBO5+/HcBAM985S8UIUg9n+Khj37yTnbplv1g5fVwZ7B6n6bRvO9ScC6448SzTlUdLjvV7t6ApISMT1yEAIOIYHePIihpeN74lLbXYtjaZvBchVqFDrKocmG2dOIMkMc/2tYtAHSinj9XnQw2OvdebUfda9WwGXAu/WbbAKEEk1WJwCfKgB03GpaaqPRdpQljBtAb0PxIqdJWpH+3dIoaNyU1iAnbKmhaxMde31h5/z/7wr/c/h8++qlfaLUMw/aVzlqI4nVsXVsHlIlUvgo5CrFxuYm4twVJbmJn7XNQwoakV0ANga1rfWhhIYt2aZ63qGmeuvXMRz/4sf9ff/N/eO7r4Z9954u/rI3hCWZmNmMUpinhujpM8ujQMM5fjmMemzyFVAS50NjecaM8dUR5NvI506zVMbCxbcD3FcKSzJNRsOboe1besXQvXd+7WcPYmwH4EQDEWcqeX3ntyCCRSmDhhYjErlcaHGdM8laHQggKz9H5fL20IdPJ1Z2dleMS6YJUElE/6KVW3hqJ1ntCR/mGQaAU4FoEyShZ3Gzf/I3vXXgl+vfPPPW5v//or/zCSqka0DBSgiLvIe52oSQFcyQE6SHLzyFPCkilMYquQKWAGUhIKGT5OeicApJQw/Do5F3HfyG1fl6++ob/Tz7/f/3yamPrd/0wXXZtUOix+ofJpN9TrXmR1V+GmNxO9OYhSkC3d8wB0kPP75vMgpI3PN7uUb/TMRB4Co4jVDzy14po/jmbVXZfXb2wfHhmYQs/AoBbHbNNR6zuXQuvNVfuyzNrl+QHvhINyme1Ruo4Av0hwV6bKm6SXsWZf7qI939ta5sPNnclyuaR51KRDmLZrjOmbEoJpCIwGeC7hGuSHmkM1z/0tXNffbg3in9hRSoMqeG4BI6pYSGH62ewQMGhwEkOi2lYhMI2BBxWwOYalqaweQ7bTqnrax7UbLtUmvqFAOCzz/6HY1u91Q8JndzvunA511BqfNSnhuTaiAKTK1W1l56/uUPjnSbyqLvw3dnSsc+XPbPZH0C1OgSmJUGoRBIFV5AtPlmklcvXdi8fvra7Mmf/GCfg1mSUvSCHMYosb28p1n0/0Es/IPLoX8p8q6H18KFBNKwPI0kNXWC+LNbK7oGX8qRYojJbnCod+rxvxkEvT3wKxTQAIQkYAyxLwWCZa9D06FBce/ypV79/Bm8mc9xpa174Os3yjBey8A3DROv1F2uFyEKdw4YCYBNoQaAVAAmQnAC5BgyACAKiCbQEqEEAqikxEBCDTveaZwPcwVjG29nzF9/w//Ab/9Ojtts5kRZmaFuSMnMcapcKoFTBosL2Dc25t/isTW+ebA96i/bs0h+bRtjb3pYfbCeK+r5CLfR61PDOO2TfM1JX27G+9iCxhksEE9+tl2tvfwz0bTf1LH/bs7ViVutkWoxqMplbKdvLV3wr3hD2Ts3ISZWlFr3fbD74xBS/8VdJRTQq1fO/M7U132udfc8VEleLlKHPNJQEmAnQvAA1QMuBrJqWOvmFH3z1VHvYb0yUynckZHr5e39OQSw3FSW1s91YsoKJR3lp7sAo6mCIYSiL/gnDyH0NCQaAWuObKpkpCEqhGAG0BOEEilIQd1yTkBANkGI6F8kvxXrHfumrf9rklplSOVwrBZXzBx7+rTvK+v1/vvkXxwRtvatSSab7UcEYK8D5ePJJZmCmMHBQiHBGn3n3VKmTO0vHLlxdu1T//dli9rX2+WPrwuGCHXghsGUnNGsdQ01EnWgv1OZrJ6uTo6NFzjpx37g5Uaq+PSfw8Oy8+kd//gdbu/nGhut1lxnrnBJFtpTF7bUknlibtI+uPToVXqnnV07to9c/XM768ftLMzUyYbbmys8tltO9pQlaC/pkP94oUlA5gMlyGIYCtwRqE8Im0EtX9q790me++aUfatj9XPb8l/9POK5LDaJdmSXTMN1DhREscrc0Y2uDUbKw4FanT1DG6/FgC5r1qbK0bfAZbsAGeBPKSADlQcODRAuqKEBYAMOigBuDcAkx9AACUDMNZDF4mNLuUTv00+rsckoI2YoHrdfOf/ffbhkG33Bs+4zpuD3LC1T9wKm/vRNvY5975qnqH37lzx6bmh8em6jk7m5LgzEFbmqogqGUh7iHepjku77L1k75lfb0rwdGZz0rZt3Rc5865nmut7TQ27NOPHc5KvLdeG3esC/dX5roLHEnmoamYtj3r5j2vrWqV/7J+gAnl040P/Pss1tVYqTzs0XNDoezw9FwejRsHzX1aG3GX2o9XGVLZDRaKvo7dIZNoLTPmLXYDkVZUNctIfAOYGPUhaETgGYwGRCUFCZrkna6qKaif+IHl1+9/9rNjbVDcz87afSVJ/93wLRtbTjzsP2H3Qn/EYOZR0SeLCqpQtsPmR1MMMuv8HTQogYBKlP3gFnLsJ05UGphNDyDqP86vOB+8Nn9aG1+D1F7ExP73gPuBkiyl6CpRKl0PwzDgdQtJvOkqmQlZNyE6ZbB3fJxw/JOW37Y0ZpsaFV8Uansq8PeXuP8t/9EHP+l/+LnmvzdTgf/5AufPhTl3UemSD5dKUtWDQ0wBhgMIMKArSewL5xBaBUUejWw/M7yrJUqZ+RSI9usTVVmMBsYjYujYbRa3PAtc3PJcUe1oKSY1oTuNMxWu+1uP3Lgvu17Fhd/cl7AXXP7B3tttjsSPHKcQs3NaDoRahqWkpqVdmqc1cGYBcIFaChAaADLr9O8xaGpA6NSgbQYoqGEelO1ilKNwNMIfI3BUHPK0vnGcOO+G82b38HPkCb2QzO5w4nlHaKW9zHDLn2AGuYyJYSb3IYSAlrksMMaRJZgsP0GSJ6hvu898Kv7wCznzRSwg3DbxxBOvQNOMAUKH4y8gbmjH4YTTKOzswhoinL9PhimhyIdQhYJ0mGbjvotjPZuwNp/nJu2VwOhNVFkh4o4r6fRAEWWfIfY4cbKy3+dHn3w135mAOwNuvxG68pRQkdHOFe26wDVUEHr8Q5dU4WRVMgdAmqVoeMARZJS7papVQ/B4hzUzGEwNstoNlsLu+B8BMYVtCJo7FFs3GR5p8Vad51efEsV89sAsG+ynpbsykZv0G7u7GaLvqfsaqhgUIKyy1AhBKI3gIo7YL6ChkDWiRHvTYGyHBISm+k6bkZdCJKBKAINwHXGxAXD0NSyi8CxsqW15lb95wGAUqia1Pw7jLu/Q7SeL0ZdFCpHaeoAqOkgam5BJCNE7XWkN78PhgLKs5FxC2lvrNtr+hOoH3gfKFGQWQS3vA9SMBimC0I0qtOPgFk2ZJFApEMwwwAlDnIZQ/WuIh7eBHfLEHkOpTUICJVFejRPk98jhFYNZn2ZUL56+eVvpHc9+MTP1K/NVsMnLDrMeFIzTc2ooRH4Cu2uAWVqaCrRGLWwMZCwiICTBJCpB6kJJB2BMYJ80AWNu/DdABWfIdUUUmsMRxTbu0y0OnbPUM7m0vTcW8b7NgDUgor4bz/zT1dfur612u2x5e2GtLkJBCWNRI6wm26hEkv4INDURSpiuLMp4B7HsPEaRq0tbNsWuokBEIUsJ9CawHcVflhIweKK+Z6a3urcnP3maz/YAlGphlZP3H/6x3/bbSaBkFHjPoNZ81l/FxoE3PVhcBcGt98Umeog2r4Ia3QJNGuil3ah7TkYqg+qc9DwCOz6cSDehs66GGUEcVyAqQ4YVTCDOTB3Cmn7GvLeGmDYKCSB7F4Cja5Clw5j1L4LphfCYBbGTGOPs3R4UmtVM0wrZSb/EmPGFn6KZvLZ1UsopKCFFHxlc23a9/SCNSo4IYBSBEFJo9UBspzAZBrDNMb2boQgzVAlgFU5DMP1ke+uA7QKnadI4z52ijUM3T4U00gzgu0mRbPNcpvZa0tTcyt3zx6If/y3vOVM/uhd71xbbb38+qDonWx3i5AxsP2GALUT7JIGZjjBZAkwOAeGGoYRA9YUspiC6RYm6RRq0kNPZYhiAd/TKPkKUgLQADNAbVuEqRgtvXz19dxk7FotqLSeufCqevTYAz8RAIRZqSZ0WyjZI5brm4bJtJaImutQWoEaHFJJZFEbRBFQQpH3NiDkJgJrAG4UGHRuoLl6ARW2CaYGiPIQUeaB7cWwaYwRn0Fs7IOZrcOWDeTKQiIcWDSGZ+eQFocV1OBP7kdv8yKY7aM0tQiiBZKot8id0m8QQlpa5l/DOGP5be2Fy+dpWmRuZ9hfnq5MTNuWqllcszEJhcD3FDjXGEQUPjcwS21M5gmcbIBcuTAnJmCYgM0SWJ4LUsrQ7w2wQ0YYkRxprnFzx0CzRWEaRm8idC++++6HVhzbfsue6zYAnLl+iZadUrRw6dhLO0nnnalM57t9Gkpl4uA+gZBl0MYI3mQPPADMXYGo0ULUmYFtJnCcDLWKjV48pW5sRflw2ENYzrjFNRVyHB1kTDPOcz/K+tWz1298aL5WP5cWM18VKvupqtZeMNFM8+KpaNCZp9Q47djmrFOq2YxbSAYtFPFwTOOiLjpyEUTXwUouLG4AZgaJHEZugAwFqDsBKRxoocG4CcMJYfAK8lRg1L0J3+Wg5YNgxIGRM+SaIPYDuDP3wZ3YByUEhs01lKYOIO42kEU9mNyBW505kQ3an8jTeOWnAeBq4zpP8uzEhfWrH//ow0+8aJrSt98M+ig1pns5tsbNHTO1zJI6vBDYx8I+tYYbGA0J8vYqBjJCqdqEvxBBiww034MoAiSFgfVtA3sdA9xUedlxrvh6/4vvvvudzVeuvE5PHrn3tjH+fwEgVEh/f3KSBQAAAABJRU5ErkJggg==', '2018-08-02 03:00:34', 1, '', ''),
(7, 'system', '54b53072540eeeb8f8e9343e71f28176', 'System', 'Y', ',1', 'data:image/png;base64,iVBORw0KGgoAAAANSUhEUgAAAIAAAACACAYAAADDPmHLAAAACXBIWXMAAA7EAAAOxAGVKw4bAAAaeUlEQVR4nN2deZRc1Xngf2+pV2vv+6ZWdWtfkEAr0EIICYwFMWCHtj1xTOwYHJITp5MZexw4PhzH5pg54xP3eDLDnJzkJIZMcDrE9pAYMESAQWAiY0mA0NISakm9b9XVVV1VXct7b/6oarqlruqu5VW9an7n9JFU/d59n+r73r3f/e53vyvwMaS7r6cUWJf42Qi0AeVA6YIfV+JPAB8wk/hz7scLXATOAL1Ab5e701e4/0VhEMwWIFe6+3ocQAdwENgNbADq8/S4EeAscAw4AhztcncG8/SsgrDiDKC7r0dhXuG3Ele6bJI4MeLG8ArwKnGDiJgkS1asGAPo7uvZC/wu8Dmg0mRxUuEBfgw83eXufNtsYdKhqA2gu69nFfBF4opfZ7I4mdILPA081eXuvGK2MKkoSgPo7uvZCTwK3Gu2LAbxM+DxLnfnO2YLci1FZQDdfT0dwLeAO/LRvq5phKYjBLwhIoEoFoeM1algdVhQHAqilPev4yXgO13uzqP5flC6FIUBdPf13AZ8m7hzZwi6DmMXJrl0fJjJK9MEp4KEfGF0ffG1Ne5yWrbVU9FURmVTCfYym1FipOIo8FiXu/OVfD9oOUw1gO6+nmbgB8BvG9Wmd8jPuTcuc/nEMLP+cMrrBFFk44HVrOtopbTWCYCmaoR8YQQEEAVEEawuBUHI29f0LPCnXe7OgXw9YDlMMYDuvh4Z+Brxt95lRJvRcIx3/+0cZ167hK4lec0XUNlcyq77tyAIOpMDPqb6fXj6p/EOz6Cp2lXXWmxyvGdoKaG2rZJV2xuMHipmgMeAH3a5O2NGNpwOBTeAxDj/JLDFqDZHeic5+qMTBL2zy15bUuPAVeVgpNeDrmnLXn8tznJ7vOfY14psNTT8cAp4uND+QcEMoLuvRwQeB76ZSzu6piOI82IPnBrll3/zG9Ro5srMBcVu4YZ7N7Cuo9Xopp8AHu1ydxbkP1QQA0iM9c9ggJM39qGH2vZ4HGjw1Biv/vWv0dSlu3yjESUBQRBQYxqbDrWz496NGOwmHAU+XwjfQMz3A7r7eg4D72KQhz/w/igAoelZjj51suDKB9BUncqWUm741AZKaxycOfIhalQ18hEdwLuJ7y6v5NUAuvt6/hvwcwwM3Y5emCQ6G+PYP39AOGBe2H28z8vx587y4bEBGjfVoi3jeGZBJfDzxHeYN/IyBCQWbH5EPG5vKL/4wVvUra3i/RfPJ53Tm4EoCWy5Yw1b71yLJOflnfox8EA+FpoMN4Duvh4X8FPgUC7tqFGNsQ8nGTozwcxkgPY9LTRtruWNvz/B5ePD6MWi/QVUt5Zx60O7cJTnJZD078B9Xe7OGSMbNdQAuvt6qoEXgJ1GtusZ8PH63/6GypYyqlrL+c1PThvZvKHYy2wceGgH1asr8tH8O8Anu9ydE0Y1aJgBJFbuXiZPq3YzkyGe++5r1LRVMnx2PB+PMAxJFun4vetpvb4hH833ArcbtcJoyICVePPzpnyAWCSGs9Je9MoHUGMab/zdCUZ6J/PR/Drg5cR3njM59wCJMf9VDO725/CPBzn5/Dku/XqwaJy+dLHYZT75n2+mvKEkH82/AxzI1SfIyQAS3v7PydHhS8WFt67wq2dOZRWyLRYcFTYO/5eOfDqGd+UyO8h1CPgReVL++y+e563/+96KVj5AcGqWXz3zXr6aP0RcB1mTtQEkAhSGz/MB3n/xAif+9Vw+mjaFwVNjDJ8zzHG/ls/lEizKygASIcpvZPvQpfAO+3n3+Y+P8ud4519O59OH+Ua2YeOMDSCxsPN0Ng9bDl3XefPpd02J7+ebqUEfF36V19zQpxO6yYiMDCCxpPsMeUrLHrvgYfKyN+3rV28oR7LkfT3LMN5/4UI+m68EnknoKG0y/fYex8C8vWv58D8yW/1sLNc5cEe+NgEZz4wnyPSooZHca+kgrqO0SdsAEpk8OSVzLEf/e6MZXR+J6jzWMUr7dYbERArCUP4DWd9M6Cot0jKARA7fk1mLlAbRUCzj5d1oDBx6hP99/zSN7XmJvRvOyJm8zQYW8mRCZ8uSbg/wNQzM4UuG35P5HkurEo9jVUuz/OOXfOw9kPtwUNPk4vc6K2loK8u5rWSMnJ8sRGxjC3GdLcuyBpDwLL+dq0TLMTMZNwBHhQ2rU0nrnvUN87OFEjHC/7p9iK99pZ7a1ZkpTxBFNm2v5LsPl/LiH/lordQZvjgNgGyVqWh0UVbnpKTKgb3MllOaeHQ2hmfAn/X9GfDtdGYF6XQTP8Cg1O2lCHlnka0SBx7cyfPffzOte66rj17zic4DbYN84SGRX4zW8k9viwxcCRLwhIiG5zOuLTaZijoHDbUKbfUCn9/qo901PzZrgsgjD1WyoTrMWlcQhen5JwgCF2dLeP2yg7cviJz4j4mM08G0wiSwuojr7v6lLlrSlBM7do4YKFRKPny7H8VuoaTGyXOP/3LZ6yVJ5OVHVcpsy3+ZQcHKcNhGv0+h1h5hrWsGi25MDt/7gXK+/7KNU8fSd+7u+kYHVa3lhjw/DQ4utQNpuSEg713/HKt3NNGyrZ7p0UBa1+/YWZqW8gEceph2ZZpbq8fZ5Jw2TPkAW51e/u7eMT5xd3pr/65qx1Vp7QVgSR2mNIDEVCJvc/5rmQvo+MeXnycLgsDDN6VnKIVAROPxmwbYn0ZMosZdgZifvMFUdCw1LVxKkm/lQRhDWLexhOtqlt8FVEgE4C/2j1PRsLS71Ly1FrGwPQAsocukBpDYn5+XLdrLkU5o98v7rnX+igOXEOGhe+xLXtO8pQ7FYSmQRB9xR0Kni0j1bT+aR2GWRJSlJX/fuMrFoda8hlNz4vCqKRRncgUrdgsWq4ytxFpgqYAUOl1kAInkTtMqc8jWpQ3ggQMFEiRLXIRpX5/cw7eXmqL4Oe5N6PYqkvUAXyyAMCkpr0+dP1fX5OAz66ZT/r5Y2LU+ecdqLzPVACCJbpNJ+rsFECQlFU0lKffff+mQaPQmzLxwZ3sgabSwps304maLdHuVASRKsZlajUuURMobSxd9bi9RVsTbD7DG4cdeujic3bylzgRprmJdQscfcW0PYOrbP0fdmsVvyp5tDgo/e8oOCQ1ZudqXsbkUqlcXLPq3FA8s/MdHBpBI8c5LkmemuHc2Lvrs01tCJkiSPdcaQNPm2mIZvjoTugau7gE6KJIKnNWrK3BVO6767Ib6lVWS16Jcre3mrbUmSbKIShZEeBcawMHCy3I1Vj3KXcFjPOh7kZv2zPsBrlIFe3orxEWDsiCgJUoCX2/+gB3h8yZKdBUf6XqhAdxaeDnmEXSdw8FfsyY6jEMP07Xbgz0RMKmuWWHaB2IL1pva3HYalCAds6e5PvyheULNc+vcX0T4qOT6brOkAWjUPKyKzS+p1llC3HF7fERyOVZO5m8cgRnvfHrbF/bO5yLcFD6DYP4mx90JnX/UA3RgXsl1ACrVxVkyf7xjgpIqB76ZlbU9LCRYCE7HF6vqmuzcvXHegZV1lQrN9FC2TMIPmDMA08f/Em2xk1chzHLfJ8vxzxS8fmJODIesqLG40X7pkLTI+y/Ti2Ip+yDMG4Cp3T/AtOhM+vkfbh6ipdWR9HfFysXpuO9S3+zgt5MEr6aF5P/XArMb5g1gg4mCADApLY7+AVh0le8cnllRtQFODikIosC3PxVe9PZrCHilojCADQBi4oAl07fXTIqlRFO4Ic22ULEEUdLibL/Ob93qZGfz4n0Oo3IFWv7LM6ZDfXdfT6lIkZzEERUkTlkNL7tqAgJ6LMojB5KvW5xU2gosz5KsKxoDADihtBfL25E105pCV8cMliRpDT7RwXl5cZjbRNaJxM/VKwr8op3TlhazxciJMjHM1trk+YrHrOvQi2ss2ygSP1SxaHjdsYWpFDOClcxFSwMfKEU3xLWJxE/ULBqiyDzv3EVMWDo1bCXhF+28bN9uthjJKBeZPz61aJgQy/iJ4yaCgukpVDnjkVw86+xgVijK9YzSojQAgGG5kn9y3cKgVGW2KFlzwdJIj/MWfGLRBrJKZYrUACDuNT/r6qBJnWRjpB+XFqIh5kGhOEPDQcHKmFTOjGjnPWU141J+tpgbSKlMAXb+5sqgVMWgPd4TbIpc4fbQCZMlWowuCDzn3MuoVFQu1XK4inYISMVpZRVX5BqzxVjEcaV9pSkfEj7AiuOIfTvRIpoleEUnb1tNX07JChHwmS1EpvhEB7+yFkv8SuCIfftKnbb6ROIHF644TlrbGZHMLwz1vtLKgLxyqpRdw8yK7AEAdODf7dtRTVw7mBFtHLVtNu35BuBbsQYA8RyClxzXY0aqQESQ+TfHHiKCqZl0ubKyDQCg19LMEfv1FPIU3JggrcQpXzJ8IpB+cd4ipcnbz5Cal1M5FqEi4g+KlIZW9Hszh1cELpotRa6snr5C9Ug/Y2p+Y1oaIv5ZEadngu1TH+T1WQXiogicMVuKXHBqs1js8XG4fGSQCXXpEi3ZogP+WRHH5CQIAiVWrRjy+3PljEj8GLIVy5rYEHKJglwRX3ApHRnBG5Twi8YZwpTgIuDTsE9OgihgqXZit+o0qwWp+5tPele8AdSo8bFYdFiQq5wggGPKg2Vkkj6hNqcUsygyl6nCOTSC4vcjiCKWaidCYudvtbri/YBescvd6QNGzJYkW8q0+U0Wok3GUuNCUCTEaJSmgQtMhCxMipk7iMNiBTN+lYbBi6CpiDYLcp0TYUGyX4m+srasX8NIl7vTNzeJPUsRpIZnw0IDABAsEpYaF6p/FtUfptwzBlMQLCvB7yqnTJjFpiUvS+8X7YRiMqUzHqr8l+IfigJyuR3RvrjyV2mS3UwriLMwvx/wGCbvDs6GWqUclx5O+jupxIZoV1D9s2ihKLLXT4XXD4JA2CqjKjYiFiuCrmGJhpEjYazhaT7KQRIFJIeCVGIlVWmSEtmOQ7IRVIuraGWaHIP5nUEFKQhtJA3WKj5dfyt+JXWNXkEWkSscKA2lyOX2ePet6wizUWSfH8fkBHaPB9kfgHAMBAHRKiNXOlDqS5HKbCmVDxC1t3F//QFK5KLN+FmKIzDfAxwFYpi8QzhdmmzV3FO7D4soM115G6XDyxxiJgiITgUxcQ6BruqgauhqfAOnIIkgiQgpqpOlQinfQ7nFRWf9bfzL6Gt4oytmXS1GXOfxHqDL3Rkk0SWsBPZVbMMixm21pOoWNCGz0quCJMQdRbsF0W5BUKSMlR+0NVNdEs8BcMl29pRtyuh+kzmW0PlVc6TXzJElM6qUMuqs86WM7JKdwZp7Ci7HZN1nERasP6xxNqOIBa8BnC2vzf1loQGsCD9gk2v1os8qam4nYilcfSuvYxMNZddd9ZksSKxzrphdTR/peqEBHAU8hZclM1rti2erLtnJTNsjqAXIvQ8ptSjuP0FOkgHUaje9EGQ6eEiM/7DAABJHkP/YDInSoVIsZaPFjUNMvlmk0lbPeNsj6HnshiOWKkJtj+CQk29dK5EcrJFbcAh5OSreKHoWHjd/rdf/NPCHhZUnOSICNVIFTVINTVItdsFKDBWblPotr3etwbP2CZwXv4c1amyc3u9Yh+D+Myrl1CuOdtHKDcp6bmA9U5qfQXWcIXUMr/k1gRZy1XHzi1zf7r6ec5i0ZVxCpFGqoUmqoUGqxnJtto2o01C9/FgfiAWIXvqflAdOGSLXaPkBKlq+uKyTF9YieCYW1/8J6CGG1HEG1XHG1ClDZMqS3i535/qFHySb9z8NfKcw8sRxCDbWyM20yU0oS0zphDQXdpyyE639vzIy9TY1g3+PpGVXlCms1OBtepC60vSmeGIK+ZyCnbXyKtbKq5jRg5yP9tOnDhEz8PCqNFkUMElmAE9RIAOoFstZa2mhWaq9akqVCl1Lf/1dFATqK28kWLaNwPBPqZl8Ie17dVFmuO6zVFcfoi4DnyKsLX+UjUtwcL2yni16O33qEBei/cwUblHpqWs/SPqtd/f1/JQ8nRoiItIi17FWbqFSzHxTUkW1E5uYubc/OTuMPv4C1VOvgZ687qAmKIzVHMZefYgyS+b5fpMRHxFvZm+1js6wOsH5WD+jal4nYT/rcnfed+2HqUK/j2OwAYgIrLWsYr3cii2H6dqsGsnKAKpsDdDyZQIN9zPjOUr12HNIieKUEUs1k7WfpqJiN/VS9h58VI2RaXKqgECjVEOjVMO0FuB09CL9amanqKdJ0mPlU0rb3dfzCww6OaxGrGCHsoFSIyp/lGo02HLbMh7TYvgDE8yeegFNceDYcJBSRwVSjrt7hgITCIHcdwiNqJMcj5xjRjdsufmlLnfnJ5L9YqnFn++QowFYBYXtlrW0yumdqpkOM5FZyPAljekq0/4J9Au9WN46ivDmK0ixKPPm+CQBmw11/x1E9tyI6G6n0lmVsUHEohoWcjeAeqmKO+17ORu9zJloHyo5l8pN6dMtd3bwG2RxeqiAQJvcxHWWNYuncjkyJfnZVLXo8Kvk13pH0N58A/n5nyCMDWf0HK21nfDhe5B376XKlV6t/6EJD4Jm7P6EgB7ieOQcw9nnHx7tcnfuS/XL5bTzGBmuEVSIpexQNmTl4KWDJSah6hqSkHpKODo7RTgQxfnPz2A58v+yeo54+UPsT/4ls9FvcH7HdkpcNuptqWMQ/ljQcOVDfAq5z7qdQXWME5FegnrGySePLfXLJSfWiVOnn033SddZ1nDItitvyof4FzIeSR5MCaizXPaOovnAolqI3n4vKNnXGdIaW1G378Wl2dF8cG6qn5CaPANpKrK42rmRNEm13Gm/kdWZ1Rl8dqmTw2H508MB/pRldhCLiNxo3coGy+q05vO5ICDgCy92jjwRHz5PECUyP0PQS8qJ7rsz62dFDn+WuRq1AgKlURfDnqmkiR9qNP97BGQkdiub2GxJq7LfDHHdLcmyBtDl7hxgiW5EESzcaruBFqlwK2FC7GojmwhPE55WQV9sfNn2AnNv/7XYdSteb4DJyNUp4fZY4Sqabba0sUvZtNzL9lhCd0uSbtL8D4FFgXWnYOegdRfVYmE3STpVB2oijDoV8RP1aaTaIpxtL7Dw7b8Wq67g94bwx+I9UUgNU+iorltuZJ91e9JlaeK6+mE67aRlAF3uzhjw8MLPKsVSDtp2UWJCCTRBFxgKTaKjE/CHUyp/jkx7gVRv/0KsKPRPx4+48YbMWe2rl6q4zboT2+J6ig8ndLYsGQ3Y3X093wO+2ShVs9e6FdmAOW+2+KQADqsVOZjeNNPxy3/F2n8hrWvD7ZsJ3pheCCTqiqCErPFEU5MI6rO8Hj6BL77o9USXu/PP070300n6o2vllk9vV9aty7eztxwu1YEYSl8G6+QItv40j21zuEg3BicFLOgmbxJ1CDYOWndxNPzuyXFtKukx8anIaONcl7tTq5LKHzYgMpUzIsKyXf9CJO/48hdlca2YxPE0gzARzSHaPt/l7sxIORnvnNzbuPGVK7GRv8j0PrORvZN5ubYYiOoxTkcvffW+ln1nM703q62zHU1bH7sUG349m3vNQAwFEcLpr7kL4RBiaGXs+9PReT96oefelo6/yeb+rPdO39S0ef+o6rmS7f2FRPJmHkfP5h4zOBe9cvzulps+m+39OdVY8+uBrT4tUPSb5KXpzLv0bO4pNIPq2NB70fM35tJGTgZwS9M2X0AP7Qjp4eT7rYsEOYu3OZt7CsmkNu27EhvdujDFOxtyrrK4o3HdhWF1YldADxWtEXzchoAx1RP8IHpx82dW7c85h8yQMpsdTVvfuxAbuNGvBYvSCD5OBjCiTs6ciPZu/dyqg8vG+dPBsDqrn2zec/ySOrzVpwWKzn3+uPgAw+qE52S0d+2XWg8bVtrP0EK7n2je1TuqedZOazPFU3xS15G8mfeUktdDMZ1XO6SOD52I9Lq/3HqXofWcDK+0vL9p25BPD7g9mq8oCk9JM14ELfMjZgQthlQkdtyvjvaejJx3f2X13YbPuPJSantP40ZvQA81XVFH3tJNKeU8jzSV/Viey71GEEPlg+jF5/Y0blz/ldV358W/ylut9T2NG7W9jZtuvhAb+FZEX37HTL7IxZkz0xH0aQHtZKT3q7c378xr9Yu8F9vf37TtuxdjQ3umtRlTFs3l6exnSrncmwuD6vjYiei59Z9qufmv8/2sgpy2cFvz9cemNH/NsDr5TiGet5BMVvaMvDcbVDTORS8//2b43YbPrzqUXvJCjhSsKthNTZtngV1vDp76s1qp4ntOwV6QozSlHFb2crk3U8Y178xAbPTBu1puLGiRjoKft3Jz05a/HFU9Ff3q6PMx8p9IJ+fwFudyb7oE9VlOR/ueenX2nYpCKx9MqgvY0bQ1CNx1ZOD4ziqx7Ke1UkVzPp4jqDHEQPb5+mLAj6DG0CXjvyYNjcuxkbNX1JHfKlR3nwxTzw082HzDO9sb21vOx/q/HtCNX4CXvBO5BXN0PS8zgXHN6/lN5OwDNzdt2Wim8sFkA5hjf9O27zsFe8mV2MifezW/Ya63EWO4UX6AFq8DMPRB9OLvb2toq7qnpWNRsQYzKJrSsI11lRrwBPDEqwMnvlAmur5XK1U2izkknxrx9ubaRkSPMqiO945pnj+5r+WWF3MWyGCKxgAWcqD5+n8A/uGlgXd2V4ol/71GrOiwCHLGvZURa/rZthHQQ5ERdfKlfnX06/9p1e0Z5+oViqI0gDnuaN55DNg/NOqRL8WG/kARlK9WiCWb7II1LWMo9BDg1fyxKc1/PKDP/o87mnf+Y84PLwBFbQBzNNZVxoC/Av6qu69H2WRxf7lcLPmdcrHkBpdgT7k1Kd9DgI6OR/P5vJr/7TF16m/71dGf5ZqhU2hWhAEsJPEF/5/ED+8NX9wQ0EK/IwribTZBWecU7JUOwSYCyNMGDAGJNnR0/FowNqOHPLN6+HQM9QUJ8al9TdcVxapnthTHrgaDeWXgeLNNFQ63vfHLB0WdRiEadcmRiCKHw7IUmRWl2VlRCs9+lPqt2R2oVhuqzaapik2LWZVYTFEimmzxaYI+0Nux78kJKfj8Z1btL840oRz4/zCWyBhotqJ3AAAAAElFTkSuQmCC', '2018-05-15 09:26:44', 1, '', ''),
(8, 'user01', 'b30da01be18ead0818000aafbc26a45a', 'นายผุ้ใช้งาน', 'Y', '', '', '2018-08-24 07:22:36', 2, '004', ''),
(9, 'user02', '81dc9bdb52d04dc20036dbd8313ed055', 'นางสาวผู้ใช้งาน', 'Y', ',6', '', '2018-08-24 07:38:50', 2, '005', '');

--
-- Indexes for dumped tables
--

--
-- Indexes for table `customer`
--
ALTER TABLE `customer`
  ADD PRIMARY KEY (`id`);

--
-- Indexes for table `pfit_t_category_criteria`
--
ALTER TABLE `pfit_t_category_criteria`
  ADD PRIMARY KEY (`category_criteria_id`);

--
-- Indexes for table `pfit_t_history_upload`
--
ALTER TABLE `pfit_t_history_upload`
  ADD PRIMARY KEY (`history_upload_id`);

--
-- Indexes for table `pfit_t_person`
--
ALTER TABLE `pfit_t_person`
  ADD PRIMARY KEY (`person_id`);

--
-- Indexes for table `pfit_t_project`
--
ALTER TABLE `pfit_t_project`
  ADD PRIMARY KEY (`project_id`);

--
-- Indexes for table `pfit_t_project_test`
--
ALTER TABLE `pfit_t_project_test`
  ADD PRIMARY KEY (`project_code`,`test_code`);

--
-- Indexes for table `pfit_t_result`
--
ALTER TABLE `pfit_t_result`
  ADD PRIMARY KEY (`result_id`);

--
-- Indexes for table `pfit_t_test`
--
ALTER TABLE `pfit_t_test`
  ADD PRIMARY KEY (`test_id`);

--
-- Indexes for table `pfit_t_test_criteria`
--
ALTER TABLE `pfit_t_test_criteria`
  ADD PRIMARY KEY (`test_criteria_id`);

--
-- Indexes for table `t_module`
--
ALTER TABLE `t_module`
  ADD PRIMARY KEY (`module_id`),
  ADD KEY `FK_t_module_1` (`user_id_update`);

--
-- Indexes for table `t_page`
--
ALTER TABLE `t_page`
  ADD PRIMARY KEY (`page_id`),
  ADD KEY `FK_t_page_1` (`module_id`),
  ADD KEY `FK_t_page_2` (`user_id_update`);

--
-- Indexes for table `t_position`
--
ALTER TABLE `t_position`
  ADD PRIMARY KEY (`position_id`),
  ADD KEY `FK_t_position_1` (`user_id_update`) USING BTREE;

--
-- Indexes for table `t_role`
--
ALTER TABLE `t_role`
  ADD PRIMARY KEY (`role_id`),
  ADD KEY `FK_t_role_1` (`user_id_update`);

--
-- Indexes for table `t_user`
--
ALTER TABLE `t_user`
  ADD PRIMARY KEY (`user_id`);

--
-- AUTO_INCREMENT for dumped tables
--

--
-- AUTO_INCREMENT for table `customer`
--
ALTER TABLE `customer`
  MODIFY `id` int(11) NOT NULL AUTO_INCREMENT, AUTO_INCREMENT=13;

--
-- AUTO_INCREMENT for table `pfit_t_category_criteria`
--
ALTER TABLE `pfit_t_category_criteria`
  MODIFY `category_criteria_id` int(11) NOT NULL AUTO_INCREMENT COMMENT 'เลขที่ transaction', AUTO_INCREMENT=6;

--
-- AUTO_INCREMENT for table `pfit_t_history_upload`
--
ALTER TABLE `pfit_t_history_upload`
  MODIFY `history_upload_id` int(11) NOT NULL AUTO_INCREMENT, AUTO_INCREMENT=43;

--
-- AUTO_INCREMENT for table `pfit_t_person`
--
ALTER TABLE `pfit_t_person`
  MODIFY `person_id` int(11) NOT NULL AUTO_INCREMENT COMMENT 'เลขที่ transaction', AUTO_INCREMENT=174;

--
-- AUTO_INCREMENT for table `pfit_t_project`
--
ALTER TABLE `pfit_t_project`
  MODIFY `project_id` int(11) NOT NULL AUTO_INCREMENT COMMENT 'เลขที่ transaction', AUTO_INCREMENT=6;

--
-- AUTO_INCREMENT for table `pfit_t_result`
--
ALTER TABLE `pfit_t_result`
  MODIFY `result_id` int(11) NOT NULL AUTO_INCREMENT COMMENT 'เลขที่ transaction';

--
-- AUTO_INCREMENT for table `pfit_t_test`
--
ALTER TABLE `pfit_t_test`
  MODIFY `test_id` int(11) NOT NULL AUTO_INCREMENT, AUTO_INCREMENT=9;

--
-- AUTO_INCREMENT for table `pfit_t_test_criteria`
--
ALTER TABLE `pfit_t_test_criteria`
  MODIFY `test_criteria_id` int(11) NOT NULL AUTO_INCREMENT COMMENT 'เลขที่ transaction', AUTO_INCREMENT=15;

--
-- AUTO_INCREMENT for table `t_module`
--
ALTER TABLE `t_module`
  MODIFY `module_id` int(10) UNSIGNED NOT NULL AUTO_INCREMENT, AUTO_INCREMENT=9;

--
-- AUTO_INCREMENT for table `t_page`
--
ALTER TABLE `t_page`
  MODIFY `page_id` int(10) UNSIGNED NOT NULL AUTO_INCREMENT, AUTO_INCREMENT=12;

--
-- AUTO_INCREMENT for table `t_position`
--
ALTER TABLE `t_position`
  MODIFY `position_id` int(10) UNSIGNED NOT NULL AUTO_INCREMENT, AUTO_INCREMENT=7;

--
-- AUTO_INCREMENT for table `t_role`
--
ALTER TABLE `t_role`
  MODIFY `role_id` int(10) UNSIGNED NOT NULL AUTO_INCREMENT, AUTO_INCREMENT=7;

--
-- AUTO_INCREMENT for table `t_user`
--
ALTER TABLE `t_user`
  MODIFY `user_id` int(10) UNSIGNED NOT NULL AUTO_INCREMENT, AUTO_INCREMENT=10;

--
-- Constraints for dumped tables
--

--
-- Constraints for table `t_module`
--
ALTER TABLE `t_module`
  ADD CONSTRAINT `FK_t_module_1` FOREIGN KEY (`user_id_update`) REFERENCES `t_user` (`user_id`);

--
-- Constraints for table `t_page`
--
ALTER TABLE `t_page`
  ADD CONSTRAINT `FK_t_page_1` FOREIGN KEY (`module_id`) REFERENCES `t_module` (`module_id`),
  ADD CONSTRAINT `FK_t_page_2` FOREIGN KEY (`user_id_update`) REFERENCES `t_user` (`user_id`);

--
-- Constraints for table `t_position`
--
ALTER TABLE `t_position`
  ADD CONSTRAINT `FK_t_position_1` FOREIGN KEY (`user_id_update`) REFERENCES `t_user` (`user_id`);

--
-- Constraints for table `t_role`
--
ALTER TABLE `t_role`
  ADD CONSTRAINT `FK_t_role_1` FOREIGN KEY (`user_id_update`) REFERENCES `t_user` (`user_id`);
COMMIT;

/*!40101 SET CHARACTER_SET_CLIENT=@OLD_CHARACTER_SET_CLIENT */;
/*!40101 SET CHARACTER_SET_RESULTS=@OLD_CHARACTER_SET_RESULTS */;
/*!40101 SET COLLATION_CONNECTION=@OLD_COLLATION_CONNECTION */;
